"Horizon","Modele_Meteo_Desc","Scenario","Categorie","Pluie_Moyenne_mm","Ecoulement_Global_Moy","Evaporation_Global_Moy","Captage_Global_Moy","Remplissage_20Mars_Moy","Remplissage_1Sept_Moy"
"2030-2040 (Proche)","CNRM-CM5 (Modéré)","1. Aléatoire (Taille)","1. Étang de Tête",1136.274624,0.12800959461425251,0.1477448727846015,0.3699428275062039,44.80446358162696,31.67406016626261
"2030-2040 (Proche)","CNRM-CM5 (Modéré)","1. Aléatoire (Taille)","2. Étang de Milieu",1136.274624,0.12800959461425251,0.1477448727846015,0.3699428275062039,62.57802019622248,48.416084555781836
"2030-2040 (Proche)","CNRM-CM5 (Modéré)","1. Aléatoire (Taille)","3. Étang Exutoire",1136.274624,0.12800959461425251,0.1477448727846015,0.3699428275062039,81.20512100728158,57.079412620994866
"2030-2040 (Proche)","CNRM-CM5 (Modéré)","2. Aléatoire (Fixe)","1. Étang de Tête",1136.274624,0.12934110643822383,0.1480935701346725,0.36980237967109947,51.03895136483766,36.25269668263525
"2030-2040 (Proche)","CNRM-CM5 (Modéré)","2. Aléatoire (Fixe)","2. Étang de Milieu",1136.274624,0.12934110643822383,0.1480935701346725,0.36980237967109947,60.419383513001335,46.969235123303996
"2030-2040 (Proche)","CNRM-CM5 (Modéré)","2. Aléatoire (Fixe)","3. Étang Exutoire",1136.274624,0.12934110643822383,0.1480935701346725,0.36980237967109947,85.38365802592023,60.092440991781345
"2030-2040 (Proche)","CNRM-CM5 (Modéré)","3. Aléatoire (Variable)","1. Étang de Tête",1136.274624,0.12869045360549589,0.14739045984677662,0.3697879550069452,49.683465626732676,34.37063339485092
"2030-2040 (Proche)","CNRM-CM5 (Modéré)","3. Aléatoire (Variable)","2. Étang de Milieu",1136.274624,0.12869045360549589,0.14739045984677662,0.3697879550069452,64.01628491120601,49.20396715494561
"2030-2040 (Proche)","CNRM-CM5 (Modéré)","3. Aléatoire (Variable)","3. Étang Exutoire",1136.274624,0.12869045360549589,0.14739045984677662,0.3697879550069452,85.39636626832088,60.173129821751154
"2030-2040 (Proche)","CNRM-CM5 (Modéré)","4. Opti (Vidange seule)","1. Étang de Tête",1136.274624,0.12420872310199758,0.14432796834116926,0.3699636656923125,36.70297660395932,24.992341641256523
"2030-2040 (Proche)","CNRM-CM5 (Modéré)","4. Opti (Vidange seule)","2. Étang de Milieu",1136.274624,0.12420872310199758,0.14432796834116926,0.3699636656923125,72.3123814801553,55.55811861829931
"2030-2040 (Proche)","CNRM-CM5 (Modéré)","4. Opti (Vidange seule)","3. Étang Exutoire",1136.274624,0.12420872310199758,0.14432796834116926,0.3699636656923125,78.79666109888414,56.41880949407726
"2030-2040 (Proche)","CNRM-CM5 (Modéré)","5. Opti (Synchronisation Totale)","1. Étang de Tête",1136.274624,0.1251227595619436,0.14384390661206,0.3698702491641381,36.70297660395932,24.992341641256523
"2030-2040 (Proche)","CNRM-CM5 (Modéré)","5. Opti (Synchronisation Totale)","2. Étang de Milieu",1136.274624,0.1251227595619436,0.14384390661206,0.3698702491641381,71.8955162223274,55.10774981619928
"2030-2040 (Proche)","CNRM-CM5 (Modéré)","5. Opti (Synchronisation Totale)","3. Étang Exutoire",1136.274624,0.1251227595619436,0.14384390661206,0.3698702491641381,78.79666109888414,56.41880949407726
"2030-2040 (Proche)","HadGEM2 (Chaud/Sec modéré)","1. Aléatoire (Taille)","1. Étang de Tête",1126.3887359999999,0.12517301915108062,0.1464854378899278,0.37140780883139995,48.91670938075306,37.356430790530986
"2030-2040 (Proche)","HadGEM2 (Chaud/Sec modéré)","1. Aléatoire (Taille)","2. Étang de Milieu",1126.3887359999999,0.12517301915108062,0.1464854378899278,0.37140780883139995,63.03256925761528,49.72461453259525
"2030-2040 (Proche)","HadGEM2 (Chaud/Sec modéré)","1. Aléatoire (Taille)","3. Étang Exutoire",1126.3887359999999,0.12517301915108062,0.1464854378899278,0.37140780883139995,85.8221057853932,62.733204082417345
"2030-2040 (Proche)","HadGEM2 (Chaud/Sec modéré)","2. Aléatoire (Fixe)","1. Étang de Tête",1126.3887359999999,0.12518433778517696,0.14685039850355702,0.3713930049215049,55.317886563389386,41.28670382036151
"2030-2040 (Proche)","HadGEM2 (Chaud/Sec modéré)","2. Aléatoire (Fixe)","2. Étang de Milieu",1126.3887359999999,0.12518433778517696,0.14685039850355702,0.3713930049215049,60.80208640584327,47.41879099008793
"2030-2040 (Proche)","HadGEM2 (Chaud/Sec modéré)","2. Aléatoire (Fixe)","3. Étang Exutoire",1126.3887359999999,0.12518433778517696,0.14685039850355702,0.3713930049215049,85.78089795449296,62.73821158790486
"2030-2040 (Proche)","HadGEM2 (Chaud/Sec modéré)","3. Aléatoire (Variable)","1. Étang de Tête",1126.3887359999999,0.1235200739328228,0.14752982038143064,0.3713073976455092,54.33803714833465,39.457873764823816
"2030-2040 (Proche)","HadGEM2 (Chaud/Sec modéré)","3. Aléatoire (Variable)","2. Étang de Milieu",1126.3887359999999,0.1235200739328228,0.14752982038143064,0.3713073976455092,64.874125095837,50.40649779327614
"2030-2040 (Proche)","HadGEM2 (Chaud/Sec modéré)","3. Aléatoire (Variable)","3. Étang Exutoire",1126.3887359999999,0.1235200739328228,0.14752982038143064,0.3713073976455092,81.47304287750778,60.07696278116918
"2030-2040 (Proche)","HadGEM2 (Chaud/Sec modéré)","4. Opti (Vidange seule)","1. Étang de Tête",1126.3887359999999,0.12393144377308288,0.1432923319083445,0.371775062461414,40.10758266010268,32.2198582525331
"2030-2040 (Proche)","HadGEM2 (Chaud/Sec modéré)","4. Opti (Vidange seule)","2. Étang de Milieu",1126.3887359999999,0.12393144377308288,0.1432923319083445,0.371775062461414,71.07700803155936,53.695298608558566
"2030-2040 (Proche)","HadGEM2 (Chaud/Sec modéré)","4. Opti (Vidange seule)","3. Étang Exutoire",1126.3887359999999,0.12393144377308288,0.1432923319083445,0.371775062461414,79.27734309446959,58.054812483210476
"2030-2040 (Proche)","HadGEM2 (Chaud/Sec modéré)","5. Opti (Synchronisation Totale)","1. Étang de Tête",1126.3887359999999,0.12455277649666219,0.14306676134460558,0.37169912564543367,40.10758266010268,32.2198582525331
"2030-2040 (Proche)","HadGEM2 (Chaud/Sec modéré)","5. Opti (Synchronisation Totale)","2. Étang de Milieu",1126.3887359999999,0.12455277649666219,0.14306676134460558,0.37169912564543367,70.8069788612586,53.54330863856336
"2030-2040 (Proche)","HadGEM2 (Chaud/Sec modéré)","5. Opti (Synchronisation Totale)","3. Étang Exutoire",1126.3887359999999,0.12455277649666219,0.14306676134460558,0.37169912564543367,79.27734309446959,58.054812483210476
"2030-2040 (Proche)","HadGEM2 (Extrême sec)","1. Aléatoire (Taille)","1. Étang de Tête",995.135616,0.09540454412161453,0.1792603783189633,0.3723227467912955,47.837283074200954,22.583069699622705
"2030-2040 (Proche)","HadGEM2 (Extrême sec)","1. Aléatoire (Taille)","2. Étang de Milieu",995.135616,0.09540454412161453,0.1792603783189633,0.3723227467912955,59.95473019816141,34.02128563939558
"2030-2040 (Proche)","HadGEM2 (Extrême sec)","1. Aléatoire (Taille)","3. Étang Exutoire",995.135616,0.09540454412161453,0.1792603783189633,0.3723227467912955,85.92787405196455,46.38661020718537
"2030-2040 (Proche)","HadGEM2 (Extrême sec)","2. Aléatoire (Fixe)","1. Étang de Tête",995.135616,0.0984723275368908,0.17753905285154423,0.3721782256899105,54.23472854609624,25.12518061747315
"2030-2040 (Proche)","HadGEM2 (Extrême sec)","2. Aléatoire (Fixe)","2. Étang de Milieu",995.135616,0.0984723275368908,0.17753905285154423,0.3721782256899105,58.085342380267456,32.83133477816703
"2030-2040 (Proche)","HadGEM2 (Extrême sec)","2. Aléatoire (Fixe)","3. Étang Exutoire",995.135616,0.0984723275368908,0.17753905285154423,0.3721782256899105,85.86421441494647,46.30201351317163
"2030-2040 (Proche)","HadGEM2 (Extrême sec)","3. Aléatoire (Variable)","1. Étang de Tête",995.135616,0.09725745088615065,0.1779526919051259,0.3721719433643966,54.16570367286728,24.960189812839076
"2030-2040 (Proche)","HadGEM2 (Extrême sec)","3. Aléatoire (Variable)","2. Étang de Milieu",995.135616,0.09725745088615065,0.1779526919051259,0.3721719433643966,61.50016347986281,35.22417622366447
"2030-2040 (Proche)","HadGEM2 (Extrême sec)","3. Aléatoire (Variable)","3. Étang Exutoire",995.135616,0.09725745088615065,0.1779526919051259,0.3721719433643966,82.80724709649454,46.435440708377314
"2030-2040 (Proche)","HadGEM2 (Extrême sec)","4. Opti (Vidange seule)","1. Étang de Tête",995.135616,0.09838840950946331,0.17327221443577476,0.37253829863514365,38.96766608065272,19.305757357891476
"2030-2040 (Proche)","HadGEM2 (Extrême sec)","4. Opti (Vidange seule)","2. Étang de Milieu",995.135616,0.09838840950946331,0.17327221443577476,0.37253829863514365,68.11271345080374,38.53247261925835
"2030-2040 (Proche)","HadGEM2 (Extrême sec)","4. Opti (Vidange seule)","3. Étang Exutoire",995.135616,0.09838840950946331,0.17327221443577476,0.37253829863514365,79.21585532943642,46.161845347652154
"2030-2040 (Proche)","HadGEM2 (Extrême sec)","5. Opti (Synchronisation Totale)","1. Étang de Tête",995.135616,0.09979518673697435,0.17277297773603606,0.372466051857142,38.96766608065272,19.305757357891476
"2030-2040 (Proche)","HadGEM2 (Extrême sec)","5. Opti (Synchronisation Totale)","2. Étang de Milieu",995.135616,0.09979518673697435,0.17277297773603606,0.372466051857142,67.81305578611911,38.31893029178708
"2030-2040 (Proche)","HadGEM2 (Extrême sec)","5. Opti (Synchronisation Totale)","3. Étang Exutoire",995.135616,0.09979518673697435,0.17277297773603606,0.372466051857142,79.21585532943642,46.161845347652154
"2030-2040 (Proche)","IPSL-CM5A (Hiver humide/Été extrême)","1. Aléatoire (Taille)","1. Étang de Tête",971.089344,0.08971259905271932,0.16992448948976235,0.36105499372092886,40.60130729977671,19.575873205334307
"2030-2040 (Proche)","IPSL-CM5A (Hiver humide/Été extrême)","1. Aléatoire (Taille)","2. Étang de Milieu",971.089344,0.08971259905271932,0.16992448948976235,0.36105499372092886,57.14276231171525,34.030190386696376
"2030-2040 (Proche)","IPSL-CM5A (Hiver humide/Été extrême)","1. Aléatoire (Taille)","3. Étang Exutoire",971.089344,0.08971259905271932,0.16992448948976235,0.36105499372092886,79.67751994035405,51.538430950007594
"2030-2040 (Proche)","IPSL-CM5A (Hiver humide/Été extrême)","2. Aléatoire (Fixe)","1. Étang de Tête",971.089344,0.09245563593829807,0.16803566389480973,0.36097338143236896,47.5845376136859,22.94357860262062
"2030-2040 (Proche)","IPSL-CM5A (Hiver humide/Été extrême)","2. Aléatoire (Fixe)","2. Étang de Milieu",971.089344,0.09245563593829807,0.16803566389480973,0.36097338143236896,55.73172869577349,33.84635778152927
"2030-2040 (Proche)","IPSL-CM5A (Hiver humide/Été extrême)","2. Aléatoire (Fixe)","3. Étang Exutoire",971.089344,0.09245563593829807,0.16803566389480973,0.36097338143236896,85.10445899058956,54.930737211475815
"2030-2040 (Proche)","IPSL-CM5A (Hiver humide/Été extrême)","3. Aléatoire (Variable)","1. Étang de Tête",971.089344,0.09003795087532636,0.169825138630112,0.3609418285419093,46.17800372836431,22.37154498488644
"2030-2040 (Proche)","IPSL-CM5A (Hiver humide/Été extrême)","3. Aléatoire (Variable)","2. Étang de Milieu",971.089344,0.09003795087532636,0.169825138630112,0.3609418285419093,59.22625623790739,36.313331743320525
"2030-2040 (Proche)","IPSL-CM5A (Hiver humide/Été extrême)","3. Aléatoire (Variable)","3. Étang Exutoire",971.089344,0.09003795087532636,0.169825138630112,0.3609418285419093,83.629512866545,53.94771272345432
"2030-2040 (Proche)","IPSL-CM5A (Hiver humide/Été extrême)","4. Opti (Vidange seule)","1. Étang de Tête",971.089344,0.0873477931262511,0.16714558422614212,0.36083369801936566,36.54515689858029,16.36002045235704
"2030-2040 (Proche)","IPSL-CM5A (Hiver humide/Été extrême)","4. Opti (Vidange seule)","2. Étang de Milieu",971.089344,0.0873477931262511,0.16714558422614212,0.36083369801936566,66.71814308021771,42.19940299185863
"2030-2040 (Proche)","IPSL-CM5A (Hiver humide/Été extrême)","4. Opti (Vidange seule)","3. Étang Exutoire",971.089344,0.0873477931262511,0.16714558422614212,0.36083369801936566,78.75842456743301,50.868727314765216
"2030-2040 (Proche)","IPSL-CM5A (Hiver humide/Été extrême)","5. Opti (Synchronisation Totale)","1. Étang de Tête",971.089344,0.08863075958203134,0.16642545247376378,0.3607543517551382,36.54515689858029,16.36002045235704
"2030-2040 (Proche)","IPSL-CM5A (Hiver humide/Été extrême)","5. Opti (Synchronisation Totale)","2. Étang de Milieu",971.089344,0.08863075958203134,0.16642545247376378,0.3607543517551382,66.33367900301485,41.96958578671457
"2030-2040 (Proche)","IPSL-CM5A (Hiver humide/Été extrême)","5. Opti (Synchronisation Totale)","3. Étang Exutoire",971.089344,0.08863075958203134,0.16642545247376378,0.3607543517551382,78.75842456743301,50.868727314765216
"2030-2040 (Proche)","IPSL-CM5A (Humide)","1. Aléatoire (Taille)","1. Étang de Tête",1080.634176,0.12060447092117405,0.1458895190791887,0.36880056370929837,48.03470266374427,36.002851149409146
"2030-2040 (Proche)","IPSL-CM5A (Humide)","1. Aléatoire (Taille)","2. Étang de Milieu",1080.634176,0.12060447092117405,0.1458895190791887,0.36880056370929837,62.8666577290025,48.16477074079
"2030-2040 (Proche)","IPSL-CM5A (Humide)","1. Aléatoire (Taille)","3. Étang Exutoire",1080.634176,0.12060447092117405,0.1458895190791887,0.36880056370929837,85.14600051859469,60.07240514442989
"2030-2040 (Proche)","IPSL-CM5A (Humide)","2. Aléatoire (Fixe)","1. Étang de Tête",1080.634176,0.12156222356635288,0.1458009914590491,0.3688318208634494,54.83637946564446,41.13844808063519
"2030-2040 (Proche)","IPSL-CM5A (Humide)","2. Aléatoire (Fixe)","2. Étang de Milieu",1080.634176,0.12156222356635288,0.1458009914590491,0.3688318208634494,61.0854896506037,47.29990762687563
"2030-2040 (Proche)","IPSL-CM5A (Humide)","2. Aléatoire (Fixe)","3. Étang Exutoire",1080.634176,0.12156222356635288,0.1458009914590491,0.3688318208634494,85.07423043510423,59.996254342164164
"2030-2040 (Proche)","IPSL-CM5A (Humide)","3. Aléatoire (Variable)","1. Étang de Tête",1080.634176,0.12044931890474507,0.14551903580827613,0.36877086870094167,53.52881480289415,39.543509031043016
"2030-2040 (Proche)","IPSL-CM5A (Humide)","3. Aléatoire (Variable)","2. Étang de Milieu",1080.634176,0.12044931890474507,0.14551903580827613,0.36877086870094167,64.8592145590602,49.85068168530427
"2030-2040 (Proche)","IPSL-CM5A (Humide)","3. Aléatoire (Variable)","3. Étang Exutoire",1080.634176,0.12044931890474507,0.14551903580827613,0.36877086870094167,84.92473322760597,60.07240514442989
"2030-2040 (Proche)","IPSL-CM5A (Humide)","4. Opti (Vidange seule)","1. Étang de Tête",1080.634176,0.11891992883331157,0.14134109031753256,0.3688504492064039,40.83707058482051,29.32878665790581
"2030-2040 (Proche)","IPSL-CM5A (Humide)","4. Opti (Vidange seule)","2. Étang de Milieu",1080.634176,0.11891992883331157,0.14134109031753256,0.3688504492064039,71.59284706041235,54.36202315156094
"2030-2040 (Proche)","IPSL-CM5A (Humide)","4. Opti (Vidange seule)","3. Étang Exutoire",1080.634176,0.11891992883331157,0.14134109031753256,0.3688504492064039,78.76129818203073,58.54244697408165
"2030-2040 (Proche)","IPSL-CM5A (Humide)","5. Opti (Synchronisation Totale)","1. Étang de Tête",1080.634176,0.11981736939257924,0.1408810948925682,0.368763396655151,40.83707058482051,29.32878665790581
"2030-2040 (Proche)","IPSL-CM5A (Humide)","5. Opti (Synchronisation Totale)","2. Étang de Milieu",1080.634176,0.11981736939257924,0.1408810948925682,0.368763396655151,71.3016862557742,54.196499783672124
"2030-2040 (Proche)","IPSL-CM5A (Humide)","5. Opti (Synchronisation Totale)","3. Étang Exutoire",1080.634176,0.11981736939257924,0.1408810948925682,0.368763396655151,78.76129818203073,58.54244697408165
"2030-2040 (Proche)","MPI-ESM (Intermédiaire)","1. Aléatoire (Taille)","1. Étang de Tête",956.61216,0.10190352750824988,0.17440998905904304,0.3638998010286797,39.988519955998946,25.80114899926983
"2030-2040 (Proche)","MPI-ESM (Intermédiaire)","1. Aléatoire (Taille)","2. Étang de Milieu",956.61216,0.10190352750824988,0.17440998905904304,0.3638998010286797,54.56599257909268,36.50005784359935
"2030-2040 (Proche)","MPI-ESM (Intermédiaire)","1. Aléatoire (Taille)","3. Étang Exutoire",956.61216,0.10190352750824988,0.17440998905904304,0.3638998010286797,83.79270990988718,55.05522951469021
"2030-2040 (Proche)","MPI-ESM (Intermédiaire)","2. Aléatoire (Fixe)","1. Étang de Tête",956.61216,0.10879673481092346,0.17010841630176657,0.3638291111330119,44.05398207952177,27.414884712956514
"2030-2040 (Proche)","MPI-ESM (Intermédiaire)","2. Aléatoire (Fixe)","2. Étang de Milieu",956.61216,0.10879673481092346,0.17010841630176657,0.3638291111330119,52.377191865560384,35.14661580904598
"2030-2040 (Proche)","MPI-ESM (Intermédiaire)","2. Aléatoire (Fixe)","3. Étang Exutoire",956.61216,0.10879673481092346,0.17010841630176657,0.3638291111330119,83.65356102623895,54.76808656840285
"2030-2040 (Proche)","MPI-ESM (Intermédiaire)","3. Aléatoire (Variable)","1. Étang de Tête",956.61216,0.10445399314999207,0.17292998996390088,0.36382836392175155,43.40853900715204,27.734653617489663
"2030-2040 (Proche)","MPI-ESM (Intermédiaire)","3. Aléatoire (Variable)","2. Étang de Milieu",956.61216,0.10445399314999207,0.17292998996390088,0.36382836392175155,56.5338269748457,37.362095555250605
"2030-2040 (Proche)","MPI-ESM (Intermédiaire)","3. Aléatoire (Variable)","3. Étang Exutoire",956.61216,0.10445399314999207,0.17292998996390088,0.36382836392175155,73.12001242349062,47.17706663125297
"2030-2040 (Proche)","MPI-ESM (Intermédiaire)","4. Opti (Vidange seule)","1. Étang de Tête",956.61216,0.09976131005593017,0.17229149871229749,0.3635799156261078,34.06335583716194,23.851218742044413
"2030-2040 (Proche)","MPI-ESM (Intermédiaire)","4. Opti (Vidange seule)","2. Étang de Milieu",956.61216,0.09976131005593017,0.17229149871229749,0.3635799156261078,64.91604189462035,43.38205418355245
"2030-2040 (Proche)","MPI-ESM (Intermédiaire)","4. Opti (Vidange seule)","3. Étang Exutoire",956.61216,0.09976131005593017,0.17229149871229749,0.3635799156261078,77.16683747587585,52.67743261760328
"2030-2040 (Proche)","MPI-ESM (Intermédiaire)","5. Opti (Synchronisation Totale)","1. Étang de Tête",956.61216,0.10039637286530895,0.17182370447676015,0.36352351539721395,34.06335583716194,23.851218742044413
"2030-2040 (Proche)","MPI-ESM (Intermédiaire)","5. Opti (Synchronisation Totale)","2. Étang de Milieu",956.61216,0.10039637286530895,0.17182370447676015,0.36352351539721395,64.50435400550269,43.011977079783556
"2030-2040 (Proche)","MPI-ESM (Intermédiaire)","5. Opti (Synchronisation Totale)","3. Étang Exutoire",956.61216,0.10039637286530895,0.17182370447676015,0.36352351539721395,77.16683747587585,52.67743261760328
"2041-2055 (Moyen)","CNRM-CM5 (Modéré)","1. Aléatoire (Taille)","1. Étang de Tête",1079.793216,0.10426469509057636,0.15399950230560297,0.3681727302218361,42.08037052969257,26.004775821936082
"2041-2055 (Moyen)","CNRM-CM5 (Modéré)","1. Aléatoire (Taille)","2. Étang de Milieu",1079.793216,0.10426469509057636,0.15399950230560297,0.3681727302218361,57.566096673941495,39.377354171303494
"2041-2055 (Moyen)","CNRM-CM5 (Modéré)","1. Aléatoire (Taille)","3. Étang Exutoire",1079.793216,0.10426469509057636,0.15399950230560297,0.3681727302218361,79.10454382429674,52.13681008351869
"2041-2055 (Moyen)","CNRM-CM5 (Modéré)","2. Aléatoire (Fixe)","1. Étang de Tête",1079.793216,0.10617352023914947,0.15352072625152471,0.36796726002611635,48.43173313372365,29.694440586259823
"2041-2055 (Moyen)","CNRM-CM5 (Modéré)","2. Aléatoire (Fixe)","2. Étang de Milieu",1079.793216,0.10617352023914947,0.15352072625152471,0.36796726002611635,55.375141880212325,38.50287226020883
"2041-2055 (Moyen)","CNRM-CM5 (Modéré)","2. Aléatoire (Fixe)","3. Étang Exutoire",1079.793216,0.10617352023914947,0.15352072625152471,0.36796726002611635,79.06103257999567,51.94462836673478
"2041-2055 (Moyen)","CNRM-CM5 (Modéré)","3. Aléatoire (Variable)","1. Étang de Tête",1079.793216,0.10934925090321068,0.15137845154541457,0.36802217886804484,50.264444167423925,29.749756078289167
"2041-2055 (Moyen)","CNRM-CM5 (Modéré)","3. Aléatoire (Variable)","2. Étang de Milieu",1079.793216,0.10934925090321068,0.15137845154541457,0.36802217886804484,56.56594378740403,39.383787657995974
"2041-2055 (Moyen)","CNRM-CM5 (Modéré)","3. Aléatoire (Variable)","3. Étang Exutoire",1079.793216,0.10934925090321068,0.15137845154541457,0.36802217886804484,79.0711276823396,52.14823749481049
"2041-2055 (Moyen)","CNRM-CM5 (Modéré)","4. Opti (Vidange seule)","1. Étang de Tête",1079.793216,0.10677709222701218,0.15511870888242751,0.3675954767580914,35.75929678241196,24.746893888152552
"2041-2055 (Moyen)","CNRM-CM5 (Modéré)","4. Opti (Vidange seule)","2. Étang de Milieu",1079.793216,0.10677709222701218,0.15511870888242751,0.3675954767580914,69.30140085236329,47.22278693305533
"2041-2055 (Moyen)","CNRM-CM5 (Modéré)","4. Opti (Vidange seule)","3. Étang Exutoire",1079.793216,0.10677709222701218,0.15511870888242751,0.3675954767580914,78.86853123639435,51.604017958467125
"2041-2055 (Moyen)","CNRM-CM5 (Modéré)","5. Opti (Synchronisation Totale)","1. Étang de Tête",1079.793216,0.10774337184952062,0.15530140889657978,0.36744684721794146,35.75929678241196,24.746893888152552
"2041-2055 (Moyen)","CNRM-CM5 (Modéré)","5. Opti (Synchronisation Totale)","2. Étang de Milieu",1079.793216,0.10774337184952062,0.15530140889657978,0.36744684721794146,69.37747423661995,47.28602331209126
"2041-2055 (Moyen)","CNRM-CM5 (Modéré)","5. Opti (Synchronisation Totale)","3. Étang Exutoire",1079.793216,0.10774337184952062,0.15530140889657978,0.36744684721794146,78.86853123639435,51.604017958467125
"2041-2055 (Moyen)","HadGEM2 (Chaud/Sec modéré)","1. Aléatoire (Taille)","1. Étang de Tête",1089.650304,0.11660228978430363,0.16316190002361294,0.3704303021670519,42.60903394636896,26.097159282274042
"2041-2055 (Moyen)","HadGEM2 (Chaud/Sec modéré)","1. Aléatoire (Taille)","2. Étang de Milieu",1089.650304,0.11660228978430363,0.16316190002361294,0.3704303021670519,58.24778163230393,39.37368399923942
"2041-2055 (Moyen)","HadGEM2 (Chaud/Sec modéré)","1. Aléatoire (Taille)","3. Étang Exutoire",1089.650304,0.11660228978430363,0.16316190002361294,0.3704303021670519,78.53035764161392,52.010496907547086
"2041-2055 (Moyen)","HadGEM2 (Chaud/Sec modéré)","2. Aléatoire (Fixe)","1. Étang de Tête",1089.650304,0.11878276915867392,0.16262149192019756,0.3702642665200839,47.747079709154384,29.02372326745032
"2041-2055 (Moyen)","HadGEM2 (Chaud/Sec modéré)","2. Aléatoire (Fixe)","2. Étang de Milieu",1089.650304,0.11878276915867392,0.16262149192019756,0.3702642665200839,56.494068497720185,38.300729363461315
"2041-2055 (Moyen)","HadGEM2 (Chaud/Sec modéré)","2. Aléatoire (Fixe)","3. Étang Exutoire",1089.650304,0.11878276915867392,0.16262149192019756,0.3702642665200839,78.6946248576069,51.66352573270156
"2041-2055 (Moyen)","HadGEM2 (Chaud/Sec modéré)","3. Aléatoire (Variable)","1. Étang de Tête",1089.650304,0.12183913831501682,0.16028663989536568,0.3703172128119318,49.842847146089966,29.649322164577768
"2041-2055 (Moyen)","HadGEM2 (Chaud/Sec modéré)","3. Aléatoire (Variable)","2. Étang de Milieu",1089.650304,0.12183913831501682,0.16028663989536568,0.3703172128119318,58.314497251478116,39.812355941934825
"2041-2055 (Moyen)","HadGEM2 (Chaud/Sec modéré)","3. Aléatoire (Variable)","3. Étang Exutoire",1089.650304,0.12183913831501682,0.16028663989536568,0.3703172128119318,78.60519357853732,52.01507962105051
"2041-2055 (Moyen)","HadGEM2 (Chaud/Sec modéré)","4. Opti (Vidange seule)","1. Étang de Tête",1089.650304,0.11989565707344883,0.1618447730685501,0.3699306388508756,39.691120459044335,22.962227972505207
"2041-2055 (Moyen)","HadGEM2 (Chaud/Sec modéré)","4. Opti (Vidange seule)","2. Étang de Milieu",1089.650304,0.11989565707344883,0.1618447730685501,0.3699306388508756,70.84752556570746,47.89669360533549
"2041-2055 (Moyen)","HadGEM2 (Chaud/Sec modéré)","4. Opti (Vidange seule)","3. Étang Exutoire",1089.650304,0.11989565707344883,0.1618447730685501,0.3699306388508756,79.1398559403469,50.5677066418694
"2041-2055 (Moyen)","HadGEM2 (Chaud/Sec modéré)","5. Opti (Synchronisation Totale)","1. Étang de Tête",1089.650304,0.12081341728606969,0.16202771108068056,0.3697844216753389,39.691120459044335,22.962227972505207
"2041-2055 (Moyen)","HadGEM2 (Chaud/Sec modéré)","5. Opti (Synchronisation Totale)","2. Étang de Milieu",1089.650304,0.12081341728606969,0.16202771108068056,0.3697844216753389,70.93235229055392,47.96937133677409
"2041-2055 (Moyen)","HadGEM2 (Chaud/Sec modéré)","5. Opti (Synchronisation Totale)","3. Étang Exutoire",1089.650304,0.12081341728606969,0.16202771108068056,0.3697844216753389,79.1398559403469,50.5677066418694
"2041-2055 (Moyen)","HadGEM2 (Extrême sec)","1. Aléatoire (Taille)","1. Étang de Tête",995.28192,0.09872530683937031,0.18618440374442918,0.37649353607185426,44.27884934965629,20.59488171397646
"2041-2055 (Moyen)","HadGEM2 (Extrême sec)","1. Aléatoire (Taille)","2. Étang de Milieu",995.28192,0.09872530683937031,0.18618440374442918,0.37649353607185426,59.32644741761537,31.10830916512084
"2041-2055 (Moyen)","HadGEM2 (Extrême sec)","1. Aléatoire (Taille)","3. Étang Exutoire",995.28192,0.09872530683937031,0.18618440374442918,0.37649353607185426,79.6212345363662,37.02351619548142
"2041-2055 (Moyen)","HadGEM2 (Extrême sec)","2. Aléatoire (Fixe)","1. Étang de Tête",995.28192,0.10258428296952908,0.18404487293052296,0.376318521243442,50.93985565586843,23.001382566115144
"2041-2055 (Moyen)","HadGEM2 (Extrême sec)","2. Aléatoire (Fixe)","2. Étang de Milieu",995.28192,0.10258428296952908,0.18404487293052296,0.376318521243442,56.718900870537496,30.374494942592456
"2041-2055 (Moyen)","HadGEM2 (Extrême sec)","2. Aléatoire (Fixe)","3. Étang Exutoire",995.28192,0.10258428296952908,0.18404487293052296,0.376318521243442,79.60708582160979,37.05194102170772
"2041-2055 (Moyen)","HadGEM2 (Extrême sec)","3. Aléatoire (Variable)","1. Étang de Tête",995.28192,0.10412362897576284,0.18301874359064166,0.3763340060207279,52.39984218541629,22.79269433119278
"2041-2055 (Moyen)","HadGEM2 (Extrême sec)","3. Aléatoire (Variable)","2. Étang de Milieu",995.28192,0.10412362897576284,0.18301874359064166,0.3763340060207279,59.786462478635436,31.96496141836587
"2041-2055 (Moyen)","HadGEM2 (Extrême sec)","3. Aléatoire (Variable)","3. Étang Exutoire",995.28192,0.10412362897576284,0.18301874359064166,0.3763340060207279,79.6207394903245,37.00069322178446
"2041-2055 (Moyen)","HadGEM2 (Extrême sec)","4. Opti (Vidange seule)","1. Étang de Tête",995.28192,0.09942386499273227,0.18864603420016038,0.3759702777118642,41.58362966602075,15.62851695594162
"2041-2055 (Moyen)","HadGEM2 (Extrême sec)","4. Opti (Vidange seule)","2. Étang de Milieu",995.28192,0.09942386499273227,0.18864603420016038,0.3759702777118642,68.56082753745821,35.755758944240846
"2041-2055 (Moyen)","HadGEM2 (Extrême sec)","4. Opti (Vidange seule)","3. Étang Exutoire",995.28192,0.09942386499273227,0.18864603420016038,0.3759702777118642,79.70418426790829,35.11837010830519
"2041-2055 (Moyen)","HadGEM2 (Extrême sec)","5. Opti (Synchronisation Totale)","1. Étang de Tête",995.28192,0.10088326760189789,0.18886459965761673,0.3757498118698765,41.58362966602075,15.62851695594162
"2041-2055 (Moyen)","HadGEM2 (Extrême sec)","5. Opti (Synchronisation Totale)","2. Étang de Milieu",995.28192,0.10088326760189789,0.18886459965761673,0.3757498118698765,68.68096402427061,35.80283777915398
"2041-2055 (Moyen)","HadGEM2 (Extrême sec)","5. Opti (Synchronisation Totale)","3. Étang Exutoire",995.28192,0.10088326760189789,0.18886459965761673,0.3757498118698765,79.70418426790829,35.11837010830519
"2041-2055 (Moyen)","IPSL-CM5A (Hiver humide/Été extrême)","1. Aléatoire (Taille)","1. Étang de Tête",1033.79904,0.08511992345404393,0.1739565703931485,0.3673705670998548,46.61578883222819,18.15436102150946
"2041-2055 (Moyen)","IPSL-CM5A (Hiver humide/Été extrême)","1. Aléatoire (Taille)","2. Étang de Milieu",1033.79904,0.08511992345404393,0.1739565703931485,0.3673705670998548,60.026804166299996,31.546869831315878
"2041-2055 (Moyen)","IPSL-CM5A (Hiver humide/Été extrême)","1. Aléatoire (Taille)","3. Étang Exutoire",1033.79904,0.08511992345404393,0.1739565703931485,0.3673705670998548,78.54039692799913,42.369838729398104
"2041-2055 (Moyen)","IPSL-CM5A (Hiver humide/Été extrême)","2. Aléatoire (Fixe)","1. Étang de Tête",1033.79904,0.09050232034676288,0.17078271842097348,0.36721233878730775,52.834680230531326,21.072533655891903
"2041-2055 (Moyen)","IPSL-CM5A (Hiver humide/Été extrême)","2. Aléatoire (Fixe)","2. Étang de Milieu",1033.79904,0.09050232034676288,0.17078271842097348,0.36721233878730775,57.450285176101644,30.48316521911693
"2041-2055 (Moyen)","IPSL-CM5A (Hiver humide/Été extrême)","2. Aléatoire (Fixe)","3. Étang Exutoire",1033.79904,0.09050232034676288,0.17078271842097348,0.36721233878730775,79.6615337890173,42.38530538747219
"2041-2055 (Moyen)","IPSL-CM5A (Hiver humide/Été extrême)","3. Aléatoire (Variable)","1. Étang de Tête",1033.79904,0.09364093792996765,0.16852544281276371,0.3672214515741863,53.21726287195502,21.103628191616277
"2041-2055 (Moyen)","IPSL-CM5A (Hiver humide/Été extrême)","3. Aléatoire (Variable)","2. Étang de Milieu",1033.79904,0.09364093792996765,0.16852544281276371,0.3672214515741863,59.23539584572712,31.633067396239028
"2041-2055 (Moyen)","IPSL-CM5A (Hiver humide/Été extrême)","3. Aléatoire (Variable)","3. Étang Exutoire",1033.79904,0.09364093792996765,0.16852544281276371,0.3672214515741863,79.71023325443672,42.32916880625306
"2041-2055 (Moyen)","IPSL-CM5A (Hiver humide/Été extrême)","4. Opti (Vidange seule)","1. Étang de Tête",1033.79904,0.08963382265883835,0.17440003303361254,0.36696602310525234,40.86584028337329,17.17862501173594
"2041-2055 (Moyen)","IPSL-CM5A (Hiver humide/Été extrême)","4. Opti (Vidange seule)","2. Étang de Milieu",1033.79904,0.08963382265883835,0.17440003303361254,0.36696602310525234,68.41029250095885,36.58163812473981
"2041-2055 (Moyen)","IPSL-CM5A (Hiver humide/Été extrême)","4. Opti (Vidange seule)","3. Étang Exutoire",1033.79904,0.08963382265883835,0.17440003303361254,0.36696602310525234,79.54983745549434,42.832120050766
"2041-2055 (Moyen)","IPSL-CM5A (Hiver humide/Été extrême)","5. Opti (Synchronisation Totale)","1. Étang de Tête",1033.79904,0.09080629494746818,0.17465984204019994,0.36679462692255527,40.86584028337329,17.17862501173594
"2041-2055 (Moyen)","IPSL-CM5A (Hiver humide/Été extrême)","5. Opti (Synchronisation Totale)","2. Étang de Milieu",1033.79904,0.09080629494746818,0.17465984204019994,0.36679462692255527,68.51787391240762,36.6604754166731
"2041-2055 (Moyen)","IPSL-CM5A (Hiver humide/Été extrême)","5. Opti (Synchronisation Totale)","3. Étang Exutoire",1033.79904,0.09080629494746818,0.17465984204019994,0.36679462692255527,79.54983745549434,42.832120050766
"2041-2055 (Moyen)","IPSL-CM5A (Humide)","1. Aléatoire (Taille)","1. Étang de Tête",1193.542272,0.14011511783407848,0.12763822582520915,0.3769395345355436,51.86961129380279,38.406607190875526
"2041-2055 (Moyen)","IPSL-CM5A (Humide)","1. Aléatoire (Taille)","2. Étang de Milieu",1193.542272,0.14011511783407848,0.12763822582520915,0.3769395345355436,66.5951149020178,52.6598722033536
"2041-2055 (Moyen)","IPSL-CM5A (Humide)","1. Aléatoire (Taille)","3. Étang Exutoire",1193.542272,0.14011511783407848,0.12763822582520915,0.3769395345355436,79.38584619481583,60.33931537431392
"2041-2055 (Moyen)","IPSL-CM5A (Humide)","2. Aléatoire (Fixe)","1. Étang de Tête",1193.542272,0.14267311781836509,0.12718732227263677,0.37672496678253176,58.56699060041818,42.203050425394984
"2041-2055 (Moyen)","IPSL-CM5A (Humide)","2. Aléatoire (Fixe)","2. Étang de Milieu",1193.542272,0.14267311781836509,0.12718732227263677,0.37672496678253176,63.98152951686985,50.87309864105213
"2041-2055 (Moyen)","IPSL-CM5A (Humide)","2. Aléatoire (Fixe)","3. Étang Exutoire",1193.542272,0.14267311781836509,0.12718732227263677,0.37672496678253176,79.37916611131973,60.33931537431392
"2041-2055 (Moyen)","IPSL-CM5A (Humide)","3. Aléatoire (Variable)","1. Étang de Tête",1193.542272,0.14549659858488476,0.1253239071174717,0.3767560663877545,59.5777194602541,42.44388163075354
"2041-2055 (Moyen)","IPSL-CM5A (Humide)","3. Aléatoire (Variable)","2. Étang de Milieu",1193.542272,0.14549659858488476,0.1253239071174717,0.3767560663877545,65.08679824922908,51.691840368324826
"2041-2055 (Moyen)","IPSL-CM5A (Humide)","3. Aléatoire (Variable)","3. Étang Exutoire",1193.542272,0.14549659858488476,0.1253239071174717,0.3767560663877545,79.38584619481583,60.326140072991556
"2041-2055 (Moyen)","IPSL-CM5A (Humide)","4. Opti (Vidange seule)","1. Étang de Tête",1193.542272,0.144127186263671,0.1268781697591266,0.3765855046405298,46.009606834540755,35.4379016081575
"2041-2055 (Moyen)","IPSL-CM5A (Humide)","4. Opti (Vidange seule)","2. Étang de Milieu",1193.542272,0.144127186263671,0.1268781697591266,0.3765855046405298,74.81906796272716,57.10187371483427
"2041-2055 (Moyen)","IPSL-CM5A (Humide)","4. Opti (Vidange seule)","3. Étang Exutoire",1193.542272,0.144127186263671,0.1268781697591266,0.3765855046405298,79.10088193394544,59.73510950132256
"2041-2055 (Moyen)","IPSL-CM5A (Humide)","5. Opti (Synchronisation Totale)","1. Étang de Tête",1193.542272,0.14529575002114264,0.12699129629334419,0.3763688205852925,46.009606834540755,35.4379016081575
"2041-2055 (Moyen)","IPSL-CM5A (Humide)","5. Opti (Synchronisation Totale)","2. Étang de Milieu",1193.542272,0.14529575002114264,0.12699129629334419,0.3763688205852925,74.87417098245248,57.12418778955345
"2041-2055 (Moyen)","IPSL-CM5A (Humide)","5. Opti (Synchronisation Totale)","3. Étang Exutoire",1193.542272,0.14529575002114264,0.12699129629334419,0.3763688205852925,79.10088193394544,59.73510950132256
"2041-2055 (Moyen)","MPI-ESM (Intermédiaire)","1. Aléatoire (Taille)","1. Étang de Tête",1062.527616,0.11915708481132516,0.15355307128548476,0.37053913600894367,45.649316895809136,24.70243262813308
"2041-2055 (Moyen)","MPI-ESM (Intermédiaire)","1. Aléatoire (Taille)","2. Étang de Milieu",1062.527616,0.11915708481132516,0.15355307128548476,0.37053913600894367,61.32559191171816,38.69002705126834
"2041-2055 (Moyen)","MPI-ESM (Intermédiaire)","1. Aléatoire (Taille)","3. Étang Exutoire",1062.527616,0.11915708481132516,0.15355307128548476,0.37053913600894367,78.74581255621706,48.02957627763194
"2041-2055 (Moyen)","MPI-ESM (Intermédiaire)","2. Aléatoire (Fixe)","1. Étang de Tête",1062.527616,0.12106832752802332,0.15303789494978837,0.37042327127818686,50.37948353411352,26.5135624795686
"2041-2055 (Moyen)","MPI-ESM (Intermédiaire)","2. Aléatoire (Fixe)","2. Étang de Milieu",1062.527616,0.12106832752802332,0.15303789494978837,0.37042327127818686,60.34016619661453,37.81732616824822
"2041-2055 (Moyen)","MPI-ESM (Intermédiaire)","2. Aléatoire (Fixe)","3. Étang Exutoire",1062.527616,0.12106832752802332,0.15303789494978837,0.37042327127818686,79.35693973205494,47.7932121573865
"2041-2055 (Moyen)","MPI-ESM (Intermédiaire)","3. Aléatoire (Variable)","1. Étang de Tête",1062.527616,0.12213434227926401,0.15252021460359896,0.3704241414205608,51.93442771874115,27.1072540472172
"2041-2055 (Moyen)","MPI-ESM (Intermédiaire)","3. Aléatoire (Variable)","2. Étang de Milieu",1062.527616,0.12213434227926401,0.15252021460359896,0.3704241414205608,61.739098206483675,39.26926488077137
"2041-2055 (Moyen)","MPI-ESM (Intermédiaire)","3. Aléatoire (Variable)","3. Étang Exutoire",1062.527616,0.12213434227926401,0.15252021460359896,0.3704241414205608,79.39615616627361,48.04733429245191
"2041-2055 (Moyen)","MPI-ESM (Intermédiaire)","4. Opti (Vidange seule)","1. Étang de Tête",1062.527616,0.11679893818431232,0.15565049756217014,0.37041177148832943,40.91893089523026,21.83487318990764
"2041-2055 (Moyen)","MPI-ESM (Intermédiaire)","4. Opti (Vidange seule)","2. Étang de Milieu",1062.527616,0.11679893818431232,0.15565049756217014,0.37041177148832943,70.53006698158542,44.65234916401802
"2041-2055 (Moyen)","MPI-ESM (Intermédiaire)","4. Opti (Vidange seule)","3. Étang Exutoire",1062.527616,0.11679893818431232,0.15565049756217014,0.37041177148832943,79.24298166467715,47.648033506498045
"2041-2055 (Moyen)","MPI-ESM (Intermédiaire)","5. Opti (Synchronisation Totale)","1. Étang de Tête",1062.527616,0.11793960200540443,0.15581694756054126,0.37023064223771995,40.91893089523026,21.83487318990764
"2041-2055 (Moyen)","MPI-ESM (Intermédiaire)","5. Opti (Synchronisation Totale)","2. Étang de Milieu",1062.527616,0.11793960200540443,0.15581694756054126,0.37023064223771995,70.60720277016702,44.700264199363154
"2041-2055 (Moyen)","MPI-ESM (Intermédiaire)","5. Opti (Synchronisation Totale)","3. Étang Exutoire",1062.527616,0.11793960200540443,0.15581694756054126,0.37023064223771995,79.24298166467715,47.648033506498045
"2056-2070 (Lointain)","CNRM-CM5 (Modéré)","1. Aléatoire (Taille)","1. Étang de Tête",1084.399488,0.10078847395756822,0.16349027142362624,0.3659018660163811,42.16135300375024,22.195821343029426
"2056-2070 (Lointain)","CNRM-CM5 (Modéré)","1. Aléatoire (Taille)","2. Étang de Milieu",1084.399488,0.10078847395756822,0.16349027142362624,0.3659018660163811,57.84332678425096,36.72467773036571
"2056-2070 (Lointain)","CNRM-CM5 (Modéré)","1. Aléatoire (Taille)","3. Étang Exutoire",1084.399488,0.10078847395756822,0.16349027142362624,0.3659018660163811,81.81899972827543,54.046897749788414
"2056-2070 (Lointain)","CNRM-CM5 (Modéré)","2. Aléatoire (Fixe)","1. Étang de Tête",1084.399488,0.105386279708213,0.16158617755427776,0.36581956384421555,49.60502982046337,26.600495150197116
"2056-2070 (Lointain)","CNRM-CM5 (Modéré)","2. Aléatoire (Fixe)","2. Étang de Milieu",1084.399488,0.105386279708213,0.16158617755427776,0.36581956384421555,55.677343290492836,34.8423423533866
"2056-2070 (Lointain)","CNRM-CM5 (Modéré)","2. Aléatoire (Fixe)","3. Étang Exutoire",1084.399488,0.105386279708213,0.16158617755427776,0.36581956384421555,84.95082231027422,53.936736279558154
"2056-2070 (Lointain)","CNRM-CM5 (Modéré)","3. Aléatoire (Variable)","1. Étang de Tête",1084.399488,0.10188178104754753,0.16371422565829052,0.36576640589136405,51.129830683196516,28.109674116466763
"2056-2070 (Lointain)","CNRM-CM5 (Modéré)","3. Aléatoire (Variable)","2. Étang de Milieu",1084.399488,0.10188178104754753,0.16371422565829052,0.36576640589136405,59.30413404407791,37.72840594045801
"2056-2070 (Lointain)","CNRM-CM5 (Modéré)","3. Aléatoire (Variable)","3. Étang Exutoire",1084.399488,0.10188178104754753,0.16371422565829052,0.36576640589136405,84.800169980068,54.08585081456757
"2056-2070 (Lointain)","CNRM-CM5 (Modéré)","4. Opti (Vidange seule)","1. Étang de Tête",1084.399488,0.10382116798664669,0.1583212712616006,0.3659860194757882,35.059206370402485,19.3003514012893
"2056-2070 (Lointain)","CNRM-CM5 (Modéré)","4. Opti (Vidange seule)","2. Étang de Milieu",1084.399488,0.10382116798664669,0.1583212712616006,0.3659860194757882,67.37683223509539,42.56798865220777
"2056-2070 (Lointain)","CNRM-CM5 (Modéré)","4. Opti (Vidange seule)","3. Étang Exutoire",1084.399488,0.10382116798664669,0.1583212712616006,0.3659860194757882,78.84399161887254,53.62529890368295
"2056-2070 (Lointain)","CNRM-CM5 (Modéré)","5. Opti (Synchronisation Totale)","1. Étang de Tête",1084.399488,0.10516988605770078,0.15857408505798723,0.36582168806800336,35.059206370402485,19.3003514012893
"2056-2070 (Lointain)","CNRM-CM5 (Modéré)","5. Opti (Synchronisation Totale)","2. Étang de Milieu",1084.399488,0.10516988605770078,0.15857408505798723,0.36582168806800336,67.4945394736749,42.64685436038496
"2056-2070 (Lointain)","CNRM-CM5 (Modéré)","5. Opti (Synchronisation Totale)","3. Étang Exutoire",1084.399488,0.10516988605770078,0.15857408505798723,0.36582168806800336,78.84399161887254,53.62529890368295
"2056-2070 (Lointain)","HadGEM2 (Chaud/Sec modéré)","1. Aléatoire (Taille)","1. Étang de Tête",1093.851072,0.09963028373159534,0.16260935268428336,0.3677650615375801,40.22329665354469,27.80456062289172
"2056-2070 (Lointain)","HadGEM2 (Chaud/Sec modéré)","1. Aléatoire (Taille)","2. Étang de Milieu",1093.851072,0.09963028373159534,0.16260935268428336,0.3677650615375801,53.27967995739851,37.864266637407525
"2056-2070 (Lointain)","HadGEM2 (Chaud/Sec modéré)","1. Aléatoire (Taille)","3. Étang Exutoire",1093.851072,0.09963028373159534,0.16260935268428336,0.3677650615375801,84.75807586387238,53.49506360250097
"2056-2070 (Lointain)","HadGEM2 (Chaud/Sec modéré)","2. Aléatoire (Fixe)","1. Étang de Tête",1093.851072,0.10184016326535507,0.1611464972914956,0.36766152347976344,44.42850659912292,30.1231347824685
"2056-2070 (Lointain)","HadGEM2 (Chaud/Sec modéré)","2. Aléatoire (Fixe)","2. Étang de Milieu",1093.851072,0.10184016326535507,0.1611464972914956,0.36766152347976344,52.128843470415454,37.02336119437877
"2056-2070 (Lointain)","HadGEM2 (Chaud/Sec modéré)","2. Aléatoire (Fixe)","3. Étang Exutoire",1093.851072,0.10184016326535507,0.1611464972914956,0.36766152347976344,85.51288152078928,53.41371990297939
"2056-2070 (Lointain)","HadGEM2 (Chaud/Sec modéré)","3. Aléatoire (Variable)","1. Étang de Tête",1093.851072,0.10043621973804863,0.1609405199651347,0.36766117395758335,46.59756661850689,30.406311477024982
"2056-2070 (Lointain)","HadGEM2 (Chaud/Sec modéré)","3. Aléatoire (Variable)","2. Étang de Milieu",1093.851072,0.10043621973804863,0.1609405199651347,0.36766117395758335,55.845329582048436,39.764973323729876
"2056-2070 (Lointain)","HadGEM2 (Chaud/Sec modéré)","3. Aléatoire (Variable)","3. Étang Exutoire",1093.851072,0.10043621973804863,0.1609405199651347,0.36766117395758335,81.18040281574936,53.50136483356819
"2056-2070 (Lointain)","HadGEM2 (Chaud/Sec modéré)","4. Opti (Vidange seule)","1. Étang de Tête",1093.851072,0.09815258245901747,0.15860248337973049,0.3680070927269383,33.848244269367754,25.141845033373766
"2056-2070 (Lointain)","HadGEM2 (Chaud/Sec modéré)","4. Opti (Vidange seule)","2. Étang de Milieu",1093.851072,0.09815258245901747,0.15860248337973049,0.3680070927269383,65.85157973391073,44.87014869726101
"2056-2070 (Lointain)","HadGEM2 (Chaud/Sec modéré)","4. Opti (Vidange seule)","3. Étang Exutoire",1093.851072,0.09815258245901747,0.15860248337973049,0.3680070927269383,78.8632377195515,48.12949409757889
"2056-2070 (Lointain)","HadGEM2 (Chaud/Sec modéré)","5. Opti (Synchronisation Totale)","1. Étang de Tête",1093.851072,0.09891985734221825,0.15881415113513928,0.367879895345768,33.848244269367754,25.141845033373766
"2056-2070 (Lointain)","HadGEM2 (Chaud/Sec modéré)","5. Opti (Synchronisation Totale)","2. Étang de Milieu",1093.851072,0.09891985734221825,0.15881415113513928,0.367879895345768,66.0057791157375,44.974152315948444
"2056-2070 (Lointain)","HadGEM2 (Chaud/Sec modéré)","5. Opti (Synchronisation Totale)","3. Étang Exutoire",1093.851072,0.09891985734221825,0.15881415113513928,0.367879895345768,78.87912632037894,48.12949409757889
"2056-2070 (Lointain)","HadGEM2 (Extrême sec)","1. Aléatoire (Taille)","1. Étang de Tête",974.984832,0.08939245812955178,0.19341307880672626,0.3751153410280056,45.54685368233968,16.1581985859172
"2056-2070 (Lointain)","HadGEM2 (Extrême sec)","1. Aléatoire (Taille)","2. Étang de Milieu",974.984832,0.08939245812955178,0.19341307880672626,0.3751153410280056,55.82062300907558,25.79399114307546
"2056-2070 (Lointain)","HadGEM2 (Extrême sec)","1. Aléatoire (Taille)","3. Étang Exutoire",974.984832,0.08939245812955178,0.19341307880672626,0.3751153410280056,85.21167312749486,36.75332723194681
"2056-2070 (Lointain)","HadGEM2 (Extrême sec)","2. Aléatoire (Fixe)","1. Étang de Tête",974.984832,0.0952538328294587,0.18968840419512448,0.3749141430030963,50.61445607973267,18.254809998291332
"2056-2070 (Lointain)","HadGEM2 (Extrême sec)","2. Aléatoire (Fixe)","2. Étang de Milieu",974.984832,0.0952538328294587,0.18968840419512448,0.3749141430030963,54.20697321548007,24.550771025756355
"2056-2070 (Lointain)","HadGEM2 (Extrême sec)","2. Aléatoire (Fixe)","3. Étang Exutoire",974.984832,0.0952538328294587,0.18968840419512448,0.3749141430030963,85.95301304741403,36.71457153839323
"2056-2070 (Lointain)","HadGEM2 (Extrême sec)","3. Aléatoire (Variable)","1. Étang de Tête",974.984832,0.09182441205450734,0.19155568372477608,0.37498362088130616,52.392279187634216,18.491267068945167
"2056-2070 (Lointain)","HadGEM2 (Extrême sec)","3. Aléatoire (Variable)","2. Étang de Milieu",974.984832,0.09182441205450734,0.19155568372477608,0.37498362088130616,57.38550844550312,26.543985819275665
"2056-2070 (Lointain)","HadGEM2 (Extrême sec)","3. Aléatoire (Variable)","3. Étang Exutoire",974.984832,0.09182441205450734,0.19155568372477608,0.37498362088130616,81.7892051084154,36.75332723194681
"2056-2070 (Lointain)","HadGEM2 (Extrême sec)","4. Opti (Vidange seule)","1. Étang de Tête",974.984832,0.08988713751283554,0.19142146288959475,0.3754409539553427,36.84603975824361,11.86039269786487
"2056-2070 (Lointain)","HadGEM2 (Extrême sec)","4. Opti (Vidange seule)","2. Étang de Milieu",974.984832,0.08988713751283554,0.19142146288959475,0.3754409539553427,65.34781815146336,29.958413563536904
"2056-2070 (Lointain)","HadGEM2 (Extrême sec)","4. Opti (Vidange seule)","3. Étang Exutoire",974.984832,0.08988713751283554,0.19142146288959475,0.3754409539553427,79.18195731210861,30.948407692381863
"2056-2070 (Lointain)","HadGEM2 (Extrême sec)","5. Opti (Synchronisation Totale)","1. Étang de Tête",974.984832,0.09111429919174042,0.1916632031410467,0.37526545207212314,36.84603975824361,11.86039269786487
"2056-2070 (Lointain)","HadGEM2 (Extrême sec)","5. Opti (Synchronisation Totale)","2. Étang de Milieu",974.984832,0.09111429919174042,0.1916632031410467,0.37526545207212314,65.48941340476546,30.01389086616938
"2056-2070 (Lointain)","HadGEM2 (Extrême sec)","5. Opti (Synchronisation Totale)","3. Étang Exutoire",974.984832,0.09111429919174042,0.1916632031410467,0.37526545207212314,79.18195731210861,30.948407692381863
"2056-2070 (Lointain)","IPSL-CM5A (Hiver humide/Été extrême)","1. Aléatoire (Taille)","1. Étang de Tête",1047.761856,0.07867704167940597,0.1872010189962549,0.3665229056120264,48.3048840913036,17.760304779054742
"2056-2070 (Lointain)","IPSL-CM5A (Hiver humide/Été extrême)","1. Aléatoire (Taille)","2. Étang de Milieu",1047.761856,0.07867704167940597,0.1872010189962549,0.3665229056120264,59.53209312864525,29.073110885315423
"2056-2070 (Lointain)","IPSL-CM5A (Hiver humide/Été extrême)","1. Aléatoire (Taille)","3. Étang Exutoire",1047.761856,0.07867704167940597,0.1872010189962549,0.3665229056120264,86.08286610295656,44.22089563287892
"2056-2070 (Lointain)","IPSL-CM5A (Hiver humide/Été extrême)","2. Aléatoire (Fixe)","1. Étang de Tête",1047.761856,0.0833972788361594,0.18397097184625855,0.3664576009041711,54.490458468980535,20.435285876530823
"2056-2070 (Lointain)","IPSL-CM5A (Hiver humide/Été extrême)","2. Aléatoire (Fixe)","2. Étang de Milieu",1047.761856,0.0833972788361594,0.18397097184625855,0.3664576009041711,57.31113315773713,27.48085306004414
"2056-2070 (Lointain)","IPSL-CM5A (Hiver humide/Été extrême)","2. Aléatoire (Fixe)","3. Étang Exutoire",1047.761856,0.0833972788361594,0.18397097184625855,0.3664576009041711,86.00031220765395,44.130390836444406
"2056-2070 (Lointain)","IPSL-CM5A (Hiver humide/Été extrême)","3. Aléatoire (Variable)","1. Étang de Tête",1047.761856,0.0801394749651701,0.18629348224938133,0.3663941686836525,55.46349466360152,21.081325122207364
"2056-2070 (Lointain)","IPSL-CM5A (Hiver humide/Été extrême)","3. Aléatoire (Variable)","2. Étang de Milieu",1047.761856,0.0801394749651701,0.18629348224938133,0.3663941686836525,60.85844316102945,30.063428970542436
"2056-2070 (Lointain)","IPSL-CM5A (Hiver humide/Été extrême)","3. Aléatoire (Variable)","3. Étang Exutoire",1047.761856,0.0801394749651701,0.18629348224938133,0.3663941686836525,82.33821627089102,44.06851119911359
"2056-2070 (Lointain)","IPSL-CM5A (Hiver humide/Été extrême)","4. Opti (Vidange seule)","1. Étang de Tête",1047.761856,0.0823097642626143,0.17895901675686887,0.3667139588576992,37.861511252299096,12.454128160138598
"2056-2070 (Lointain)","IPSL-CM5A (Hiver humide/Été extrême)","4. Opti (Vidange seule)","2. Étang de Milieu",1047.761856,0.0823097642626143,0.17895901675686887,0.3667139588576992,69.3253095042969,35.340493076846435
"2056-2070 (Lointain)","IPSL-CM5A (Hiver humide/Été extrême)","4. Opti (Vidange seule)","3. Étang Exutoire",1047.761856,0.0823097642626143,0.17895901675686887,0.3667139588576992,79.41848441442384,42.2788338045307
"2056-2070 (Lointain)","IPSL-CM5A (Hiver humide/Été extrême)","5. Opti (Synchronisation Totale)","1. Étang de Tête",1047.761856,0.08341670818938572,0.1791676047655577,0.36655697266901927,37.861511252299096,12.454128160138598
"2056-2070 (Lointain)","IPSL-CM5A (Hiver humide/Été extrême)","5. Opti (Synchronisation Totale)","2. Étang de Milieu",1047.761856,0.08341670818938572,0.1791676047655577,0.36655697266901927,69.45176025656271,35.42987198051059
"2056-2070 (Lointain)","IPSL-CM5A (Hiver humide/Été extrême)","5. Opti (Synchronisation Totale)","3. Étang Exutoire",1047.761856,0.08341670818938572,0.1791676047655577,0.36655697266901927,79.41848441442384,42.2788338045307
"2056-2070 (Lointain)","IPSL-CM5A (Humide)","1. Aléatoire (Taille)","1. Étang de Tête",1285.140096,0.1467500159118714,0.12354278133460443,0.3794679693800601,54.937833697333026,41.38710015543128
"2056-2070 (Lointain)","IPSL-CM5A (Humide)","1. Aléatoire (Taille)","2. Étang de Milieu",1285.140096,0.1467500159118714,0.12354278133460443,0.3794679693800601,68.70386519375056,54.208098337777436
"2056-2070 (Lointain)","IPSL-CM5A (Humide)","1. Aléatoire (Taille)","3. Étang Exutoire",1285.140096,0.1467500159118714,0.12354278133460443,0.3794679693800601,86.04374406768405,66.04543865797042
"2056-2070 (Lointain)","IPSL-CM5A (Humide)","2. Aléatoire (Fixe)","1. Étang de Tête",1285.140096,0.1469574689408027,0.12359696912251508,0.37934684196452223,62.19968101714103,46.69847882468919
"2056-2070 (Lointain)","IPSL-CM5A (Humide)","2. Aléatoire (Fixe)","2. Étang de Milieu",1285.140096,0.1469574689408027,0.12359696912251508,0.37934684196452223,65.77431470269372,52.25412859186992
"2056-2070 (Lointain)","IPSL-CM5A (Humide)","2. Aléatoire (Fixe)","3. Étang Exutoire",1285.140096,0.1469574689408027,0.12359696912251508,0.37934684196452223,86.0092124352952,65.86382437037832
"2056-2070 (Lointain)","IPSL-CM5A (Humide)","3. Aléatoire (Variable)","1. Étang de Tête",1285.140096,0.1459161827575796,0.12325662741022156,0.37936520297180587,62.93186622622816,45.87045258700211
"2056-2070 (Lointain)","IPSL-CM5A (Humide)","3. Aléatoire (Variable)","2. Étang de Milieu",1285.140096,0.1459161827575796,0.12325662741022156,0.37936520297180587,69.17267140494705,54.272772241533275
"2056-2070 (Lointain)","IPSL-CM5A (Humide)","3. Aléatoire (Variable)","3. Étang Exutoire",1285.140096,0.1459161827575796,0.12325662741022156,0.37936520297180587,86.04374406768405,66.01906354874349
"2056-2070 (Lointain)","IPSL-CM5A (Humide)","4. Opti (Vidange seule)","1. Étang de Tête",1285.140096,0.14960266621781665,0.11764269501790951,0.3795089668868493,41.32185800261988,34.40333926003
"2056-2070 (Lointain)","IPSL-CM5A (Humide)","4. Opti (Vidange seule)","2. Étang de Milieu",1285.140096,0.14960266621781665,0.11764269501790951,0.3795089668868493,75.77444206920046,58.39885413770333
"2056-2070 (Lointain)","IPSL-CM5A (Humide)","4. Opti (Vidange seule)","3. Étang Exutoire",1285.140096,0.14960266621781665,0.11764269501790951,0.3795089668868493,79.18528126715893,55.47647663712649
"2056-2070 (Lointain)","IPSL-CM5A (Humide)","5. Opti (Synchronisation Totale)","1. Étang de Tête",1285.140096,0.1507088857958589,0.11779750909108519,0.3792628594632754,41.32185800261988,34.40333926003
"2056-2070 (Lointain)","IPSL-CM5A (Humide)","5. Opti (Synchronisation Totale)","2. Étang de Milieu",1285.140096,0.1507088857958589,0.11779750909108519,0.3792628594632754,75.79351062372626,58.41390882838088
"2056-2070 (Lointain)","IPSL-CM5A (Humide)","5. Opti (Synchronisation Totale)","3. Étang Exutoire",1285.140096,0.1507088857958589,0.11779750909108519,0.3792628594632754,79.18528126715893,55.47647663712649
"2056-2070 (Lointain)","MPI-ESM (Intermédiaire)","1. Aléatoire (Taille)","1. Étang de Tête",1033.900416,0.10061011823815037,0.17148856879338592,0.36791129128036687,48.82210409673591,21.968958666347643
"2056-2070 (Lointain)","MPI-ESM (Intermédiaire)","1. Aléatoire (Taille)","2. Étang de Milieu",1033.900416,0.10061011823815037,0.17148856879338592,0.36791129128036687,62.64720038184231,37.08753807957352
"2056-2070 (Lointain)","MPI-ESM (Intermédiaire)","1. Aléatoire (Taille)","3. Étang Exutoire",1033.900416,0.10061011823815037,0.17148856879338592,0.36791129128036687,85.7410185205241,49.749675124297596
"2056-2070 (Lointain)","MPI-ESM (Intermédiaire)","2. Aléatoire (Fixe)","1. Étang de Tête",1033.900416,0.10204185371667886,0.17139899349369073,0.3678156750962255,56.01959973957871,26.01147795533546
"2056-2070 (Lointain)","MPI-ESM (Intermédiaire)","2. Aléatoire (Fixe)","2. Étang de Milieu",1033.900416,0.10204185371667886,0.17139899349369073,0.3678156750962255,59.99257573262734,35.01058165061438
"2056-2070 (Lointain)","MPI-ESM (Intermédiaire)","2. Aléatoire (Fixe)","3. Étang Exutoire",1033.900416,0.10204185371667886,0.17139899349369073,0.3678156750962255,85.98077452145603,49.63010835965229
"2056-2070 (Lointain)","MPI-ESM (Intermédiaire)","3. Aléatoire (Variable)","1. Étang de Tête",1033.900416,0.0995854194338169,0.17215479575572784,0.367721404492047,55.701568231546936,25.894963333625817
"2056-2070 (Lointain)","MPI-ESM (Intermédiaire)","3. Aléatoire (Variable)","2. Étang de Milieu",1033.900416,0.0995854194338169,0.17215479575572784,0.367721404492047,62.45969161571249,36.575183428427366
"2056-2070 (Lointain)","MPI-ESM (Intermédiaire)","3. Aléatoire (Variable)","3. Étang Exutoire",1033.900416,0.0995854194338169,0.17215479575572784,0.367721404492047,85.98301487916667,49.71767540790793
"2056-2070 (Lointain)","MPI-ESM (Intermédiaire)","4. Opti (Vidange seule)","1. Étang de Tête",1033.900416,0.10064643404731399,0.1660313933120467,0.36818286966644687,41.269116870981335,19.399979678541403
"2056-2070 (Lointain)","MPI-ESM (Intermédiaire)","4. Opti (Vidange seule)","2. Étang de Milieu",1033.900416,0.10064643404731399,0.1660313933120467,0.36818286966644687,70.85129533482404,42.73824068630829
"2056-2070 (Lointain)","MPI-ESM (Intermédiaire)","4. Opti (Vidange seule)","3. Étang Exutoire",1033.900416,0.10064643404731399,0.1660313933120467,0.36818286966644687,79.47168047326345,48.2210096320919
"2056-2070 (Lointain)","MPI-ESM (Intermédiaire)","5. Opti (Synchronisation Totale)","1. Étang de Tête",1033.900416,0.10199783595357131,0.1662459652292774,0.36802025770489427,41.269116870981335,19.399979678541403
"2056-2070 (Lointain)","MPI-ESM (Intermédiaire)","5. Opti (Synchronisation Totale)","2. Étang de Milieu",1033.900416,0.10199783595357131,0.1662459652292774,0.36802025770489427,71.01219243549097,42.8694158153096
"2056-2070 (Lointain)","MPI-ESM (Intermédiaire)","5. Opti (Synchronisation Totale)","3. Étang Exutoire",1033.900416,0.10199783595357131,0.1662459652292774,0.36802025770489427,79.47168047326345,48.2210096320919
