Classe;NOM_min;area
5;ORCET;4249,675
9;ORCET;755,531
16;ORCET;4368,729
13;ORCET;3207,313
13;ORCET;8017,532
13;ORCET;3497,974
13;ORCET;2080,632
6;ORCET;4015,018
16;ORCET;2315,767
2;ORCET;1492,621
13;ORCET;4017,656
10;ORCET;64696,929
6;ORCET;3090,449
13;ORCET;7412,814
23;ORCET;203334,122
16;ORCET;1090,151
6;ORCET;74268,771
2;ORCET;13290,84
13;ORCET;11117,663
16;ORCET;22263,204
16;ORCET;2221,518
6;ORCET;3983,179
5;ORCET;17711,03
13;ORCET;3360,845
16;ORCET;28828,747
2;ORCET;631,953
5;GRAND PRA;1168,866
9;GRAND PRA;1807,017
23;GRAND PRA;441,074
16;GRAND PRA;1688,314
13;GRAND PRA;43211,373
6;GRAND PRA;3351,635
13;GRAND PRA;122,59
13;GRAND PRA;7019,773
2;GRAND PRA;1180,581
10;GRAND PRA;2400,34
6;GRAND PRA;3683,34
13;GRAND PRA;8817,356
16;GRAND PRA;634,647
12;GRAND PRA;1611,802
6;GRAND PRA;23077,631
23;GRAND PRA;51871,834
9;GRAND PRA;6929,811
2;GRAND PRA;9320,501
9;GRAND PRA;1669,332
16;GRAND PRA;647,094
6;GRAND PRA;2203,987
16;GRAND PRA;1214,845
5;GRAND PRA;11251,968
6;GRAND PRA;3169,099
16;GRAND PRA;32955,563
2;PLAT;567,397
6;PLAT;20518,683
12;PLAT;18039,728
10;PLAT;0,027
13;PLAT;107142,656
6;PLAT;930,092
13;PLAT;20780,99
16;PLAT;1264,105
16;PLAT;4728,431
6;PLAT;1092,025
5;PLAT;32449,101
23;PLAT;108217,161
6;PLAT;8017,683
16;PLAT;15596,397
6;PLAT;753,161
9;PLAT;112,459
16;PLAT;1090,151
5;PLAT;490,602
6;PLAT;2773,288
16;PLAT;32767,975
16;VERNOZAN;1316,094
23;VERNOZAN;267891,213
6;VERNOZAN;1094,663
16;VERNOZAN;203,71
13;VERNOZAN;79,341
6;VERNOZAN;2,066
16;VERNOZAN;1357,876
10;VERNOZAN;52666,588
13;VERNOZAN;1403,472
16;VERNOZAN;10867,271
16;VERNOZAN;669,001
2;VERNOZAN;3917,405
13;VERNOZAN;93333,949
16;VERNOZAN;949,701
6;VERNOZAN;18484,181
16;VERNOZAN;22266,803
5;VERNOZAN;18827,54
16;VERNOZAN;2292,921
2;FENIERES;2416,262
6;FENIERES;23126,339
16;FENIERES;694,223
23;FENIERES;103956,477
12;FENIERES;34003,171
10;FENIERES;22187,603
13;FENIERES;421,359
12;FENIERES;9089,071
13;FENIERES;204,267
16;FENIERES;13726,301
16;FENIERES;1368,974
6;FENIERES;120,48
16;FENIERES;1549,6
13;FENIERES;11207,46
10;FENIERES;8569,491
10;FENIERES;4808,686
16;FENIERES;2023,877
9;FENIERES;10834,459
16;FENIERES;173,766
16;PETIT FEINIERE;5931,163
23;PETIT FEINIERE;60,114
16;PETIT FEINIERE;1025,534
16;PETIT FEINIERE;17319,158
13;PETIT FEINIERE;694,123
23;PETIT FEINIERE;75495,232
10;PETIT FEINIERE;6614,257
16;PETIT FEINIERE;1870,415
2;PETIT FEINIERE;7404,994
16;PETIT FEINIERE;4143,654
5;PETIT FEINIERE;274,496
16;PETIT FEINIERE;60002,466
5;PETIT FEINIERE;3606,428
9;PETIT FEINIERE;3893,341
5;PETIT FEINIERE;23167,56
16;PETIT FEINIERE;2297,039
13;PETIT FEINIERE;158330,011
23;PETIT FEINIERE;464,037
13;PETIT FEINIERE;41509,313
6;PETIT FEINIERE;2147,707
23;BOTTE;19428,709
16;BOTTE;84,741
10;BOTTE;69912,161
16;BOTTE;45112,919
10;BOTTE;55943,287
16;BOTTE;45,749
16;BOTTE;18168,088
13;BOTTE;46451,847
6;BOTTE;4754,924
16;BOTTE;12121,034
23;BOTTE;79511,072
16;LECHERE DE LA MONTAGNE SAINTE;3301,4
10;LECHERE DE LA MONTAGNE SAINTE;1074,947
23;LECHERE DE LA MONTAGNE SAINTE;93113,545
13;LECHERE DE LA MONTAGNE SAINTE;28172,715
16;LECHERE DE LA MONTAGNE SAINTE;8350,687
6;LECHERE DE LA MONTAGNE SAINTE;1525,427
13;LECHERE DE LA MONTAGNE SAINTE;2158,655
16;LECHERE DE LA MONTAGNE SAINTE;2914,113
15;LECHERE DE LA MONTAGNE SAINTE;1288,664
16;LECHERE DE LA MONTAGNE SAINTE;3227,786
9;LECHERE DE LA MONTAGNE SAINTE;2261,068
16;LECHERE DE LA MONTAGNE SAINTE;1011,897
16;LECHERE DE LA MONTAGNE SAINTE;691,243
13;LECHERE DE LA MONTAGNE SAINTE;1090,145
16;LECHERE DE LA MONTAGNE SAINTE;9438,569
23;LECHERE DE LA MONTAGNE SAINTE;122,076
5;LECHERE DE LA MONTAGNE SAINTE;29446,3
13;LECHERE DE LA MONTAGNE SAINTE;75,817
9;LECHERE DE LA MONTAGNE SAINTE;1330,539
10;LECHERE DE LA MONTAGNE SAINTE;13393,133
13;LECHERE DE LA MONTAGNE SAINTE;25929,267
2;LECHERE DE LA MONTAGNE SAINTE;19822,802
2;LECHERE DE LA MONTAGNE SAINTE;53686,624
9;LECHERE DE LA MONTAGNE SAINTE;407,693
13;LECHERE DE LA MONTAGNE SAINTE;3647,805
5;LECHERE DE LA MONTAGNE SAINTE;1091,182
16;LECHERE DE LA MONTAGNE SAINTE;11551,378
13;LECHERE DE LA MONTAGNE SAINTE;382563,759
13;LECHERE DE LA MONTAGNE SAINTE;4332,823
16;LECHERE DE LA MONTAGNE SAINTE;67562,696
16;LECHERE DE LA MONTAGNE SAINTE;431,999
6;LECHERE DE LA MONTAGNE SAINTE;675,676
10;LECHERE DE LA MONTAGNE SAINTE;15768,686
16;LECHERE DE LA MONTAGNE SAINTE;3647,486
5;OSIERS;2450,287
13;OSIERS;581,13
13;OSIERS;26550,091
9;OSIERS;9226,933
6;OSIERS;228,092
13;OSIERS;2166,544
5;OSIERS;1511,296
16;OSIERS;43978,017
23;OSIERS;173560,818
13;OSIERS;3386
13;OSIERS;734,168
10;OSIERS;20479,32
16;OSIERS;578,879
2;OSIERS;33807,106
5;OSIERS;578,21
6;OSIERS;41813,319
9;OSIERS;23347,886
13;OSIERS;40440,994
16;OSIERS;12942,423
23;OSIERS;2796,733
13;OSIERS;8039,503
13;OSIERS;2127,56
16;OSIERS;48717,375
6;OSIERS;30030,344
23;OSIERS;549,991
6;OSIERS;33247,412
6;OSIERS;279,131
16;OSIERS;2751,662
13;VAREPPE;1823,201
16;VAREPPE;1316,086
16;VAREPPE;1068,329
6;VAREPPE;22847,672
16;VAREPPE;301,772
16;VAREPPE;1092,016
16;VAREPPE;14586,212
13;VAREPPE;55514,231
16;VAREPPE;20750,342
16;VAREPPE;3335,899
6;VAREPPE;36634,17
23;VAREPPE;122317,342
6;VAREPPE;27965,927
5;VAREPPE;1158,95
16;VAREPPE;13587,055
2;VAREPPE;8825,6
2;LEYE;197,355
16;LEYE;4718,419
13;LEYE;63751,284
17;LEYE;1195,529
16;LEYE;21871,17
6;LEYE;11937,334
23;LEYE;25107,988
16;LEYE;57160,037
13;LEYE;23409,801
5;LEYE;79,336
2;LEYE;1250,873
6;GOUILLES;1539,862
13;GOUILLES;2382,784
2;GOUILLES;698,718
2;GOUILLES;5127,374
6;GOUILLES;47455,474
16;GOUILLES;1616,587
13;GOUILLES;5351,656
16;GOUILLES;220594,1
10;GOUILLES;6,633
13;GOUILLES;7922,93
17;GOUILLES;949,708
23;GOUILLES;73518,316
2;GOUILLES;61,822
13;GOUILLES;12079,83
23;GOUILLES;13101,648
13;GOUILLES;11480,479
13;GOUILLES;2321,39
6;GOUILLES;17702,555
13;GRAND VERNAYES;1090,143
13;GRAND VERNAYES;94746,627
2;GRAND VERNAYES;1381,041
6;GRAND VERNAYES;7469,377
13;GRAND VERNAYES;1459,486
2;GRAND VERNAYES;1391,629
2;GRAND VERNAYES;8086,927
6;GRAND VERNAYES;40555,752
6;GRAND VERNAYES;60431,193
2;GRAND VERNAYES;2209,955
2;GRAND VERNAYES;1287,386
5;GRAND VERNAYES;417,457
16;GRAND VERNAYES;214206,627
6;GRAND VERNAYES;1094,657
10;GRAND VERNAYES;175,146
16;GRAND VERNAYES;1502,806
5;GRAND VERNAYES;875,296
2;GRAND VERNAYES;1513,451
6;GRAND VERNAYES;17,788
23;GRAND VERNAYES;241653,34
13;GRAND VERNAYES;48099,321
17;GRAND VERNAYES;2778,878
23;GRAND VERNAYES;0,876
23;GRAND VERNAYES;96,663
13;GRAND VERNAYES;1513,453
10;GRAND VERNAYES;1384,136
16;GRAND VERNAYES;29849,861
16;GRAND VERNAYES;9852,49
13;GRAND VERNAYES;1870,46
9;GRAND VERNAYES;145311,597
6;GRAND VERNAYES;7609,192
6;GRAND VERNAYES;1068,328
10;GRAND VERNAYES;2482,874
2;GRAND VERNAYES;647,566
6;PETITES VERNAYS;17813,611
16;PETITES VERNAYS;36525,932
23;PETITES VERNAYS;27828,967
9;PETITES VERNAYS;16995,879
10;PETITES VERNAYS;1216,189
7;LONGE ETANG;23321,3
6;LONGE ETANG;65949,624
16;LONGE ETANG;22,541
16;LONGE ETANG;994,085
13;LONGE ETANG;1842,554
10;LONGE ETANG;25386,044
2;LONGE ETANG;1559,86
2;LONGE ETANG;1263,956
6;LONGE ETANG;58618,657
8;LONGE ETANG;21758,482
2;LONGE ETANG;282,822
5;LONGE ETANG;0,485
16;LONGE ETANG;200045,666
13;LONGE ETANG;14416,356
13;LONGE ETANG;2865,341
13;LONGE ETANG;4974,225
13;LONGE ETANG;4772,553
5;LONGE ETANG;656,331
23;LONGE ETANG;68142,877
9;LONGE ETANG;18406,465
10;LONGE ETANG;54413,082
2;LONGE ETANG;615,106
5;LONGE ETANG;4903,66
2;LONGE ETANG;3729,4
