OBJECTID;NOM;Exutoire_1;Assec2026;Assec2027;Assec2028;Assec2029;Assec2030;Assec2031;Assec2032;Assec2033;Assec2034;Assec2035;Assec2036;Assec2037;Assec2038;Assec2039;Assec2040;Assec2041;Assec2042;Assec2043;Assec2044;Assec2045;Assec2046;Assec2047;Assec2048;Assec2049;Assec2050;Assec2051;Assec2052;Assec2053;Assec2054;Assec2055;Assec2056;Assec2057;Assec2058;Assec2059;Assec2060;Assec2061;Assec2062;Assec2063;Assec2064;Assec2065;Assec2066;Assec2067;Assec2068;Assec2069;Assec2070
580;LES RAGES;CARRONNIER;Evolage;Evolage;Evolage;Assec;Evolage;Evolage;Evolage;Evolage;Assec;Evolage;Evolage;Evolage;Evolage;Assec;Evolage;Evolage;Evolage;Evolage;Evolage;Evolage;Assec;Evolage;Evolage;Evolage;Evolage;Evolage;Evolage;Assec;Evolage;Evolage;Evolage;Evolage;Evolage;Evolage;Assec;Evolage;Evolage;Evolage;Evolage;Assec;Evolage;Evolage;Evolage;Evolage;Evolage
582;QUEUE1;FOUR;Evolage;Evolage;Evolage;Evolage;Evolage;Assec;Evolage;Evolage;Evolage;Assec;Evolage;Evolage;Evolage;Assec;Evolage;Evolage;Evolage;Evolage;Evolage;Assec;Evolage;Evolage;Evolage;Evolage;Evolage;Evolage;Assec;Evolage;Evolage;Evolage;Evolage;Evolage;Evolage;Assec;Evolage;Evolage;Evolage;Assec;Evolage;Evolage;Evolage;Evolage;Assec;Evolage;Evolage
581;QUEUE2;FOUR;Evolage;Evolage;Evolage;Evolage;Evolage;Evolage;Assec;Evolage;Evolage;Evolage;Evolage;Evolage;Evolage;Assec;Evolage;Evolage;Evolage;Assec;Evolage;Evolage;Evolage;Evolage;Evolage;Evolage;Assec;Evolage;Evolage;Evolage;Evolage;Evolage;Evolage;Assec;Evolage;Evolage;Evolage;Evolage;Assec;Evolage;Evolage;Evolage;Evolage;Assec;Evolage;Evolage;Evolage
583;FRENE;PETIT ETANG LA ROUE;Evolage;Evolage;Evolage;Evolage;Evolage;Evolage;Assec;Evolage;Evolage;Evolage;Evolage;Evolage;Evolage;Assec;Evolage;Evolage;Evolage;Evolage;Assec;Evolage;Evolage;Evolage;Assec;Evolage;Evolage;Evolage;Assec;Evolage;Evolage;Evolage;Evolage;Evolage;Evolage;Assec;Evolage;Evolage;Evolage;Assec;Evolage;Evolage;Evolage;Evolage;Assec;Evolage;Evolage
695;GRAND RONZUEL;FRENE;Evolage;Evolage;Evolage;Evolage;Evolage;Evolage;Assec;Evolage;Evolage;Evolage;Evolage;Evolage;Evolage;Assec;Evolage;Evolage;Evolage;Assec;Evolage;Evolage;Evolage;Evolage;Evolage;Evolage;Assec;Evolage;Evolage;Evolage;Assec;Evolage;Evolage;Evolage;Assec;Evolage;Evolage;Evolage;Assec;Evolage;Evolage;Evolage;Evolage;Evolage;Assec;Evolage;Evolage
699;PLAT;POLLET;Evolage;Evolage;Evolage;Evolage;Assec;Evolage;Evolage;Evolage;Evolage;Assec;Evolage;Evolage;Evolage;Evolage;Evolage;Evolage;Assec;Evolage;Evolage;Evolage;Evolage;Evolage;Evolage;Assec;Evolage;Evolage;Evolage;Evolage;Assec;Evolage;Evolage;Evolage;Evolage;Evolage;Evolage;Assec;Evolage;Evolage;Evolage;Evolage;Assec;Evolage;Evolage;Evolage;Evolage
589;LECHERE DU FRAYET;CORVEYZIEUX;Evolage;Evolage;Evolage;Assec;Evolage;Evolage;Evolage;Assec;Evolage;Evolage;Evolage;Evolage;Evolage;Assec;Evolage;Evolage;Evolage;Assec;Evolage;Evolage;Evolage;Evolage;Evolage;Evolage;Assec;Evolage;Evolage;Evolage;Assec;Evolage;Evolage;Evolage;Evolage;Evolage;Evolage;Assec;Evolage;Evolage;Evolage;Evolage;Assec;Evolage;Evolage;Evolage;Evolage
610;GRAND ETANG LA ROUE;CORVEYZIEUX;Evolage;Evolage;Evolage;Assec;Evolage;Evolage;Evolage;Assec;Evolage;Evolage;Evolage;Assec;Evolage;Evolage;Evolage;Assec;Evolage;Evolage;Evolage;Evolage;Assec;Evolage;Evolage;Evolage;Evolage;Evolage;Assec;Evolage;Evolage;Evolage;Assec;Evolage;Evolage;Evolage;Assec;Evolage;Evolage;Evolage;Evolage;Evolage;Assec;Evolage;Evolage;Evolage;Evolage
611;REMONDET NORD;REMONDET SUD;Evolage;Evolage;Evolage;Evolage;Assec;Evolage;Evolage;Evolage;Evolage;Assec;Evolage;Evolage;Evolage;Evolage;Evolage;Evolage;Assec;Evolage;Evolage;Evolage;Evolage;Evolage;Assec;Evolage;Evolage;Evolage;Assec;Evolage;Evolage;Evolage;Evolage;Assec;Evolage;Evolage;Evolage;Evolage;Evolage;Evolage;Assec;Evolage;Evolage;Evolage;Assec;Evolage;Evolage
619;LIGNIERE;REMONDET SUD;Evolage;Evolage;Evolage;Assec;Evolage;Evolage;Evolage;Assec;Evolage;Evolage;Evolage;Evolage;Evolage;Evolage;Assec;Evolage;Evolage;Evolage;Evolage;Assec;Evolage;Evolage;Evolage;Evolage;Assec;Evolage;Evolage;Evolage;Evolage;Evolage;Evolage;Assec;Evolage;Evolage;Evolage;Evolage;Evolage;Evolage;Assec;Evolage;Evolage;Evolage;Assec;Evolage;Evolage
620;CORVEYZIEUX;LIGNIERE;Evolage;Evolage;Evolage;Evolage;Evolage;Evolage;Assec;Evolage;Evolage;Evolage;Assec;Evolage;Evolage;Evolage;Assec;Evolage;Evolage;Evolage;Evolage;Assec;Evolage;Evolage;Evolage;Assec;Evolage;Evolage;Evolage;Evolage;Assec;Evolage;Evolage;Evolage;Evolage;Evolage;Evolage;Assec;Evolage;Evolage;Evolage;Evolage;Evolage;Evolage;Assec;Evolage;Evolage
641;PETIT ETANG LA ROUE;CORVEYZIEUX;Evolage;Evolage;Evolage;Evolage;Assec;Evolage;Evolage;Evolage;Evolage;Evolage;Evolage;Assec;Evolage;Evolage;Evolage;Evolage;Evolage;Evolage;Assec;Evolage;Evolage;Evolage;Evolage;Evolage;Evolage;Assec;Evolage;Evolage;Evolage;Evolage;Evolage;Assec;Evolage;Evolage;Evolage;Evolage;Evolage;Evolage;Assec;Evolage;Evolage;Evolage;Evolage;Evolage;Evolage
672;REMONDET SUD;PARADIS;Evolage;Evolage;Evolage;Evolage;Assec;Evolage;Evolage;Evolage;Assec;Evolage;Evolage;Evolage;Evolage;Evolage;Evolage;Assec;Evolage;Evolage;Evolage;Evolage;Evolage;Evolage;Assec;Evolage;Evolage;Evolage;Evolage;Evolage;Evolage;Assec;Evolage;Evolage;Evolage;Evolage;Evolage;Assec;Evolage;Evolage;Evolage;Evolage;Assec;Evolage;Evolage;Evolage;Evolage
678;POLLET;VIEUX;Evolage;Evolage;Evolage;Evolage;Assec;Evolage;Evolage;Evolage;Evolage;Evolage;Assec;Evolage;Evolage;Evolage;Evolage;Assec;Evolage;Evolage;Evolage;Evolage;Evolage;Assec;Evolage;Evolage;Evolage;Evolage;Evolage;Evolage;Assec;Evolage;Evolage;Evolage;Evolage;Evolage;Evolage;Assec;Evolage;Evolage;Evolage;Evolage;Evolage;Assec;Evolage;Evolage;Evolage
716;PETIT RONZUEL;GRAND RONZUEL;Evolage;Evolage;Evolage;Evolage;Evolage;Evolage;Assec;Evolage;Evolage;Evolage;Evolage;Assec;Evolage;Evolage;Evolage;Evolage;Assec;Evolage;Evolage;Evolage;Evolage;Assec;Evolage;Evolage;Evolage;Evolage;Assec;Evolage;Evolage;Evolage;Evolage;Evolage;Assec;Evolage;Evolage;Evolage;Evolage;Evolage;Evolage;Assec;Evolage;Evolage;Evolage;Evolage;Evolage
728;PARADIS;SALE;Evolage;Evolage;Evolage;Evolage;Evolage;Assec;Evolage;Evolage;Evolage;Evolage;Evolage;Assec;Evolage;Evolage;Evolage;Evolage;Evolage;Evolage;Assec;Evolage;Evolage;Evolage;Evolage;Assec;Evolage;Evolage;Evolage;Evolage;Evolage;Evolage;Assec;Evolage;Evolage;Evolage;Assec;Evolage;Evolage;Evolage;Assec;Evolage;Evolage;Evolage;Assec;Evolage;Evolage
730;FOUR;PLAT;Evolage;Evolage;Evolage;Assec;Evolage;Evolage;Evolage;Evolage;Evolage;Assec;Evolage;Evolage;Evolage;Assec;Evolage;Evolage;Evolage;Assec;Evolage;Evolage;Evolage;Assec;Evolage;Evolage;Evolage;Evolage;Evolage;Assec;Evolage;Evolage;Evolage;Evolage;Assec;Evolage;Evolage;Evolage;Evolage;Evolage;Evolage;Assec;Evolage;Evolage;Evolage;Evolage;Assec
732;VIEUX BURLAT;GRAND RONZUEL;Evolage;Evolage;Evolage;Evolage;Evolage;Assec;Evolage;Evolage;Evolage;Evolage;Evolage;Evolage;Assec;Evolage;Evolage;Evolage;Evolage;Evolage;Evolage;Assec;Evolage;Evolage;Evolage;Evolage;Evolage;Evolage;Assec;Evolage;Evolage;Evolage;Assec;Evolage;Evolage;Evolage;Evolage;Assec;Evolage;Evolage;Evolage;Evolage;Evolage;Evolage;Assec;Evolage;Evolage
743;VIEUX;PARADIS;Evolage;Evolage;Evolage;Assec;Evolage;Evolage;Evolage;Evolage;Evolage;Evolage;Assec;Evolage;Evolage;Evolage;Assec;Evolage;Evolage;Evolage;Evolage;Evolage;Evolage;Assec;Evolage;Evolage;Evolage;Assec;Evolage;Evolage;Evolage;Evolage;Evolage;Evolage;Assec;Evolage;Evolage;Evolage;Evolage;Evolage;Evolage;Assec;Evolage;Evolage;Evolage;Evolage;Evolage
757;NEUF DE BURLAT;VIEUX BURLAT;Evolage;Evolage;Evolage;Evolage;Evolage;Evolage;Assec;Evolage;Evolage;Evolage;Evolage;Evolage;Assec;Evolage;Evolage;Evolage;Assec;Evolage;Evolage;Evolage;Assec;Evolage;Evolage;Evolage;Evolage;Assec;Evolage;Evolage;Evolage;Evolage;Assec;Evolage;Evolage;Evolage;Evolage;Evolage;Assec;Evolage;Evolage;Evolage;Evolage;Evolage;Assec;Evolage;Evolage
762;CARRONNIER;FOUR;Evolage;Evolage;Evolage;Assec;Evolage;Evolage;Evolage;Assec;Evolage;Evolage;Evolage;Evolage;Evolage;Evolage;Assec;Evolage;Evolage;Evolage;Assec;Evolage;Evolage;Evolage;Evolage;Assec;Evolage;Evolage;Evolage;Evolage;Evolage;Assec;Evolage;Evolage;Evolage;Evolage;Evolage;Evolage;Assec;Evolage;Evolage;Evolage;Evolage;Evolage;Assec;Evolage;Evolage
768;SALE;OUTPUT;Evolage;Evolage;Evolage;Evolage;Evolage;Assec;Evolage;Evolage;Evolage;Assec;Evolage;Evolage;Evolage;Evolage;Evolage;Evolage;Assec;Evolage;Evolage;Evolage;Evolage;Evolage;Assec;Evolage;Evolage;Evolage;Evolage;Evolage;Evolage;Assec;Evolage;Evolage;Evolage;Evolage;Evolage;Assec;Evolage;Evolage;Evolage;Evolage;Evolage;Evolage;Assec;Evolage;Evolage
775;RIOUX;TRIPOUX;Evolage;Evolage;Evolage;Evolage;Evolage;Evolage;Assec;Evolage;Evolage;Evolage;Evolage;Evolage;Assec;Evolage;Evolage;Evolage;Assec;Evolage;Evolage;Evolage;Evolage;Assec;Evolage;Evolage;Evolage;Evolage;Evolage;Evolage;Assec;Evolage;Evolage;Evolage;Evolage;Evolage;Evolage;Assec;Evolage;Evolage;Evolage;Evolage;Evolage;Evolage;Assec;Evolage;Evolage
782;LECHERE;FOUR;Evolage;Evolage;Evolage;Evolage;Evolage;Evolage;Assec;Evolage;Evolage;Evolage;Evolage;Evolage;Evolage;Assec;Evolage;Evolage;Evolage;Assec;Evolage;Evolage;Evolage;Evolage;Evolage;Assec;Evolage;Evolage;Evolage;Evolage;Evolage;Assec;Evolage;Evolage;Evolage;Evolage;Evolage;Evolage;Assec;Evolage;Evolage;Evolage;Assec;Evolage;Evolage;Evolage;Assec
798;TRIPOUX;SALE;Evolage;Evolage;Evolage;Evolage;Assec;Evolage;Evolage;Evolage;Evolage;Evolage;Evolage;Assec;Evolage;Evolage;Evolage;Assec;Evolage;Evolage;Evolage;Evolage;Evolage;Evolage;Assec;Evolage;Evolage;Evolage;Evolage;Assec;Evolage;Evolage;Evolage;Evolage;Assec;Evolage;Evolage;Evolage;Evolage;Evolage;Evolage;Assec;Evolage;Evolage;Evolage;Assec;Evolage
801;BIETONNAY;TRIPOUX;Evolage;Evolage;Evolage;Assec;Evolage;Evolage;Evolage;Assec;Evolage;Evolage;Evolage;Evolage;Assec;Evolage;Evolage;Evolage;Assec;Evolage;Evolage;Evolage;Evolage;Assec;Evolage;Evolage;Evolage;Assec;Evolage;Evolage;Evolage;Evolage;Evolage;Evolage;Assec;Evolage;Evolage;Evolage;Evolage;Evolage;Evolage;Assec;Evolage;Evolage;Evolage;Evolage;Assec
826;GRANGES;BIETONNAY;Evolage;Evolage;Evolage;Evolage;Evolage;Evolage;Assec;Evolage;Evolage;Evolage;Evolage;Evolage;Assec;Evolage;Evolage;Evolage;Evolage;Evolage;Assec;Evolage;Evolage;Evolage;Evolage;Assec;Evolage;Evolage;Evolage;Assec;Evolage;Evolage;Evolage;Evolage;Assec;Evolage;Evolage;Evolage;Evolage;Evolage;Evolage;Assec;Evolage;Evolage;Evolage;Assec;Evolage
844;ONDONNIERE;TRIPOUX;Evolage;Evolage;Evolage;Assec;Evolage;Evolage;Evolage;Assec;Evolage;Evolage;Evolage;Evolage;Evolage;Assec;Evolage;Evolage;Evolage;Evolage;Evolage;Evolage;Assec;Evolage;Evolage;Evolage;Evolage;Evolage;Evolage;Assec;Evolage;Evolage;Evolage;Evolage;Evolage;Evolage;Assec;Evolage;Evolage;Evolage;Evolage;Evolage;Evolage;Assec;Evolage;Evolage;Evolage
853;LONGEVAVRE;ONDONNIERE;Evolage;Evolage;Evolage;Evolage;Evolage;Assec;Evolage;Evolage;Evolage;Assec;Evolage;Evolage;Evolage;Evolage;Evolage;Assec;Evolage;Evolage;Evolage;Evolage;Evolage;Evolage;Assec;Evolage;Evolage;Evolage;Evolage;Evolage;Assec;Evolage;Evolage;Evolage;Evolage;Evolage;Evolage;Assec;Evolage;Evolage;Evolage;Assec;Evolage;Evolage;Evolage;Evolage;Assec
871;CHANTEMERLE;LONGEVAVRE;Evolage;Evolage;Evolage;Evolage;Evolage;Assec;Evolage;Evolage;Evolage;Evolage;Evolage;Evolage;Assec;Evolage;Evolage;Evolage;Evolage;Evolage;Assec;Evolage;Evolage;Evolage;Assec;Evolage;Evolage;Evolage;Evolage;Evolage;Evolage;Assec;Evolage;Evolage;Evolage;Evolage;Assec;Evolage;Evolage;Evolage;Evolage;Evolage;Evolage;Assec;Evolage;Evolage;Evolage
1279;ROUE RONZUEL;PETIT ETANG LA ROUE;Evolage;Evolage;Evolage;Assec;Evolage;Evolage;Evolage;Evolage;Evolage;Evolage;Assec;Evolage;Evolage;Evolage;Evolage;Evolage;Evolage;Assec;Evolage;Evolage;Evolage;Evolage;Assec;Evolage;Evolage;Evolage;Assec;Evolage;Evolage;Evolage;Assec;Evolage;Evolage;Evolage;Evolage;Assec;Evolage;Evolage;Evolage;Evolage;Evolage;Evolage;Assec;Evolage;Evolage
