NOM;Assec2026;Assec2027;Assec2028;Assec2029;Assec2030;Assec2031;Assec2032;Assec2033;Assec2034;Assec2035;Assec2036;Assec2037;Assec2038;Assec2039;Assec2040;Assec2041;Assec2042;Assec2043;Assec2044;Assec2045;Assec2046;Assec2047;Assec2048;Assec2049;Assec2050;Assec2051;Assec2052;Assec2053;Assec2054;Assec2055;Assec2056;Assec2057;Assec2058;Assec2059;Assec2060;Assec2061;Assec2062;Assec2063;Assec2064;Assec2065;Assec2066;Assec2067;Assec2068;Assec2069;Assec2070
BOTTE;Evolage;Evolage;Assec;Evolage;Evolage;Evolage;Evolage;Evolage;Assec;Evolage;Evolage;Evolage;Evolage;Evolage;Assec;Evolage;Evolage;Evolage;Evolage;Evolage;Assec;Evolage;Evolage;Evolage;Evolage;Assec;Evolage;Evolage;Evolage;Evolage;Evolage;Assec;Evolage;Evolage;Evolage;Assec;Evolage;Evolage;Evolage;Evolage;Evolage;Assec;Evolage;Evolage;Evolage
FENIERES;Evolage;Evolage;Evolage;Evolage;Evolage;Assec;Evolage;Evolage;Evolage;Evolage;Evolage;Assec;Evolage;Evolage;Evolage;Evolage;Assec;Evolage;Evolage;Evolage;Evolage;Assec;Evolage;Evolage;Evolage;Assec;Evolage;Evolage;Evolage;Evolage;Evolage;Assec;Evolage;Evolage;Evolage;Assec;Evolage;Evolage;Evolage;Evolage;Evolage;Assec;Evolage;Evolage;Evolage
GOUILLES;Evolage;Evolage;Assec;Evolage;Evolage;Evolage;Evolage;Assec;Evolage;Evolage;Evolage;Evolage;Assec;Evolage;Evolage;Evolage;Evolage;Evolage;Assec;Evolage;Evolage;Evolage;Evolage;Evolage;Assec;Evolage;Evolage;Evolage;Evolage;Assec;Evolage;Evolage;Evolage;Evolage;Evolage;Assec;Evolage;Evolage;Evolage;Assec;Evolage;Evolage;Evolage;Evolage;Evolage
GRAND PRA;Evolage;Evolage;Evolage;Evolage;Assec;Evolage;Evolage;Evolage;Evolage;Assec;Evolage;Evolage;Evolage;Assec;Evolage;Evolage;Evolage;Evolage;Evolage;Assec;Evolage;Evolage;Evolage;Evolage;Evolage;Assec;Evolage;Evolage;Evolage;Assec;Evolage;Evolage;Evolage;Assec;Evolage;Evolage;Evolage;Evolage;Evolage;Assec;Evolage;Evolage;Evolage;Evolage;Assec
GRAND VERNAYES;Evolage;Evolage;Assec;Evolage;Evolage;Evolage;Evolage;Assec;Evolage;Evolage;Evolage;Evolage;Assec;Evolage;Evolage;Evolage;Evolage;Evolage;Assec;Evolage;Evolage;Evolage;Evolage;Evolage;Assec;Evolage;Evolage;Evolage;Evolage;Evolage;Assec;Evolage;Evolage;Evolage;Evolage;Assec;Evolage;Evolage;Evolage;Evolage;Evolage;Assec;Evolage;Evolage;Evolage
LECHERE DE LA MONTAGNE SAINTE;Evolage;Evolage;Evolage;Assec;Evolage;Evolage;Evolage;Assec;Evolage;Evolage;Evolage;Evolage;Evolage;Assec;Evolage;Evolage;Evolage;Evolage;Evolage;Assec;Evolage;Evolage;Evolage;Evolage;Evolage;Assec;Evolage;Evolage;Evolage;Evolage;Evolage;Assec;Evolage;Evolage;Evolage;Assec;Evolage;Evolage;Evolage;Evolage;Evolage;Assec;Evolage;Evolage;Evolage
LEYE;Evolage;Evolage;Assec;Evolage;Evolage;Evolage;Evolage;Assec;Evolage;Evolage;Evolage;Assec;Evolage;Evolage;Evolage;Assec;Evolage;Evolage;Evolage;Assec;Evolage;Evolage;Evolage;Evolage;Evolage;Assec;Evolage;Evolage;Evolage;Evolage;Evolage;Assec;Evolage;Evolage;Evolage;Assec;Evolage;Evolage;Evolage;Evolage;Evolage;Assec;Evolage;Evolage;Evolage
LONGE ETANG;Evolage;Evolage;Evolage;Evolage;Evolage;Assec;Evolage;Evolage;Evolage;Evolage;Evolage;Assec;Evolage;Evolage;Evolage;Assec;Evolage;Evolage;Evolage;Evolage;Evolage;Assec;Evolage;Evolage;Evolage;Assec;Evolage;Evolage;Evolage;Evolage;Assec;Evolage;Evolage;Evolage;Evolage;Assec;Evolage;Evolage;Evolage;Assec;Evolage;Evolage;Evolage;Evolage;Evolage
ORCET;Evolage;Evolage;Evolage;Evolage;Evolage;Assec;Evolage;Evolage;Evolage;Assec;Evolage;Evolage;Evolage;Evolage;Assec;Evolage;Evolage;Evolage;Evolage;Assec;Evolage;Evolage;Evolage;Evolage;Evolage;Assec;Evolage;Evolage;Evolage;Assec;Evolage;Evolage;Evolage;Assec;Evolage;Evolage;Evolage;Evolage;Evolage;Assec;Evolage;Evolage;Evolage;Evolage;Assec
OSIERS;Evolage;Evolage;Evolage;Assec;Evolage;Evolage;Evolage;Assec;Evolage;Evolage;Evolage;Evolage;Assec;Evolage;Evolage;Evolage;Evolage;Evolage;Assec;Evolage;Evolage;Evolage;Evolage;Evolage;Assec;Evolage;Evolage;Evolage;Evolage;Evolage;Assec;Evolage;Evolage;Evolage;Evolage;Assec;Evolage;Evolage;Evolage;Evolage;Evolage;Assec;Evolage;Evolage;Evolage
PETIT FEINIERE;Evolage;Evolage;Evolage;Evolage;Assec;Evolage;Evolage;Evolage;Evolage;Evolage;Assec;Evolage;Evolage;Evolage;Evolage;Evolage;Assec;Evolage;Evolage;Evolage;Evolage;Assec;Evolage;Evolage;Evolage;Assec;Evolage;Evolage;Evolage;Evolage;Evolage;Assec;Evolage;Evolage;Evolage;Assec;Evolage;Evolage;Evolage;Evolage;Evolage;Assec;Evolage;Evolage;Evolage
PETITES VERNAYS;Evolage;Assec;Evolage;Evolage;Evolage;Evolage;Evolage;Assec;Evolage;Evolage;Evolage;Evolage;Assec;Evolage;Evolage;Evolage;Evolage;Evolage;Assec;Evolage;Evolage;Evolage;Evolage;Evolage;Assec;Evolage;Evolage;Evolage;Evolage;Evolage;Assec;Evolage;Evolage;Evolage;Evolage;Assec;Evolage;Evolage;Evolage;Assec;Evolage;Evolage;Evolage;Evolage;Evolage
PLAT;Evolage;Evolage;Evolage;Assec;Evolage;Evolage;Evolage;Evolage;Evolage;Assec;Evolage;Evolage;Evolage;Assec;Evolage;Evolage;Evolage;Evolage;Evolage;Assec;Evolage;Evolage;Evolage;Evolage;Evolage;Assec;Evolage;Evolage;Evolage;Assec;Evolage;Evolage;Evolage;Assec;Evolage;Evolage;Evolage;Evolage;Evolage;Assec;Evolage;Evolage;Evolage;Evolage;Assec
VAREPPE;Evolage;Evolage;Assec;Evolage;Evolage;Evolage;Evolage;Assec;Evolage;Evolage;Evolage;Assec;Evolage;Evolage;Evolage;Assec;Evolage;Evolage;Evolage;Assec;Evolage;Evolage;Evolage;Evolage;Evolage;Assec;Evolage;Evolage;Evolage;Evolage;Evolage;Assec;Evolage;Evolage;Evolage;Assec;Evolage;Evolage;Evolage;Evolage;Evolage;Assec;Evolage;Evolage;Evolage
VERNOZAN;Evolage;Evolage;Evolage;Evolage;Evolage;Assec;Evolage;Evolage;Evolage;Evolage;Evolage;Assec;Evolage;Evolage;Evolage;Evolage;Evolage;Assec;Evolage;Evolage;Evolage;Assec;Evolage;Evolage;Evolage;Assec;Evolage;Evolage;Evolage;Evolage;Evolage;Assec;Evolage;Evolage;Evolage;Assec;Evolage;Evolage;Evolage;Evolage;Evolage;Assec;Evolage;Evolage;Evolage
